time,voltage
2022-12-22 13:03:55,4.182107
2022-12-22 13:04:25,4.179587
2022-12-22 13:04:55,4.178155
2022-12-22 13:05:25,4.176981
2022-12-22 13:05:55,4.175951
2022-12-22 13:06:25,4.175014
2022-12-22 13:06:56,4.174127
2022-12-22 13:07:26,4.173307
2022-12-22 13:07:56,4.172477
2022-12-22 13:08:26,4.171706
2022-12-22 13:08:56,4.170946
2022-12-22 13:09:26,4.170214
2022-12-22 13:09:56,4.169471
2022-12-22 13:10:27,4.16877
2022-12-22 13:10:57,4.168059
2022-12-22 13:11:27,4.167349
2022-12-22 13:11:57,4.166664
2022-12-22 13:12:27,4.165992
2022-12-22 13:12:57,4.165333
2022-12-22 13:13:27,4.164652
2022-12-22 13:13:57,4.163986
2022-12-22 13:14:28,4.163329
2022-12-22 13:14:58,4.1627
2022-12-22 13:15:28,4.162065
2022-12-22 13:15:58,4.161421
2022-12-22 13:16:28,4.160793
2022-12-22 13:16:58,4.160189
2022-12-22 13:17:28,4.15959
2022-12-22 13:17:58,4.158946
2022-12-22 13:18:29,4.158367
2022-12-22 13:18:59,4.157787
2022-12-22 13:19:29,4.15718
2022-12-22 13:19:59,4.156606
2022-12-22 13:20:29,4.156006
2022-12-22 13:20:59,4.155424
2022-12-22 13:21:29,4.154873
2022-12-22 13:21:59,4.154295
2022-12-22 13:22:30,4.153719
2022-12-22 13:23:00,4.153145
2022-12-22 13:23:30,4.15257
2022-12-22 13:24:00,4.152008
2022-12-22 13:24:30,4.151465
2022-12-22 13:25:00,4.150902
2022-12-22 13:25:30,4.150343
2022-12-22 13:26:00,4.149795
2022-12-22 13:26:31,4.149248
2022-12-22 13:27:01,4.14871
2022-12-22 13:27:31,4.148166
2022-12-22 13:28:01,4.147626
2022-12-22 13:28:31,4.147085
2022-12-22 13:29:01,4.146546
2022-12-22 13:29:31,4.146013
2022-12-22 13:30:01,4.145473
2022-12-22 13:30:32,4.144942
2022-12-22 13:31:02,4.14439
2022-12-22 13:31:32,4.143878
2022-12-22 13:32:02,4.143371
2022-12-22 13:32:32,4.14284
2022-12-22 13:33:02,4.142321
2022-12-22 13:33:32,4.141795
2022-12-22 13:34:02,4.141289
2022-12-22 13:34:33,4.140769
2022-12-22 13:35:03,4.140244
2022-12-22 13:35:33,4.13975
2022-12-22 13:36:03,4.139241
2022-12-22 13:36:33,4.138735
2022-12-22 13:37:03,4.13824
2022-12-22 13:37:33,4.137755
2022-12-22 13:38:03,4.13724
2022-12-22 13:38:34,4.136732
2022-12-22 13:39:04,4.136251
2022-12-22 13:39:34,4.135742
2022-12-22 13:40:04,4.135239
2022-12-22 13:40:34,4.134767
2022-12-22 13:41:04,4.134277
2022-12-22 13:41:34,4.133782
2022-12-22 13:42:04,4.133317
2022-12-22 13:42:35,4.13282
2022-12-22 13:43:05,4.132335
2022-12-22 13:43:35,4.131849
2022-12-22 13:44:05,4.131352
2022-12-22 13:44:35,4.13087
2022-12-22 13:45:05,4.130406
2022-12-22 13:45:35,4.129917
2022-12-22 13:46:05,4.12941
2022-12-22 13:46:36,4.128945
2022-12-22 13:47:06,4.128476
2022-12-22 13:47:36,4.127991
2022-12-22 13:48:06,4.127502
2022-12-22 13:48:36,4.127025
2022-12-22 13:49:06,4.126576
2022-12-22 13:49:36,4.126104
2022-12-22 13:50:06,4.12562
2022-12-22 13:50:37,4.125137
2022-12-22 13:51:07,4.124681
2022-12-22 13:51:37,4.124215
2022-12-22 13:52:07,4.123727
2022-12-22 13:52:37,4.123293
2022-12-22 13:53:07,4.122834
2022-12-22 13:53:37,4.122377
2022-12-22 13:54:07,4.121937
2022-12-22 13:54:38,4.12146
2022-12-22 13:55:08,4.120997
2022-12-22 13:55:38,4.12055
2022-12-22 13:56:08,4.120085
2022-12-22 13:56:38,4.119624
2022-12-22 13:57:08,4.119176
2022-12-22 13:57:38,4.118743
2022-12-22 13:58:09,4.118276
2022-12-22 13:58:39,4.1178
2022-12-22 13:59:09,4.117379
2022-12-22 13:59:39,4.116915
2022-12-22 14:00:09,4.116461
2022-12-22 14:00:39,4.116032
2022-12-22 14:01:09,4.115579
2022-12-22 14:01:39,4.115107
2022-12-22 14:02:10,4.114673
2022-12-22 14:02:40,4.114241
2022-12-22 14:03:10,4.113801
2022-12-22 14:03:40,4.113352
2022-12-22 14:04:10,4.112909
2022-12-22 14:04:40,4.112474
2022-12-22 14:05:10,4.11205
2022-12-22 14:05:40,4.111598
2022-12-22 14:06:11,4.111165
2022-12-22 14:06:41,4.11072
2022-12-22 14:07:11,4.110287
2022-12-22 14:07:41,4.109831
2022-12-22 14:08:11,4.109435
2022-12-22 14:08:41,4.10899
2022-12-22 14:09:11,4.108547
2022-12-22 14:09:41,4.108118
2022-12-22 14:10:12,4.107692
2022-12-22 14:10:42,4.107235
2022-12-22 14:11:12,4.106822
2022-12-22 14:11:42,4.10638
2022-12-22 14:12:12,4.105956
2022-12-22 14:12:42,4.105517
2022-12-22 14:13:12,4.10509
2022-12-22 14:13:42,4.104674
2022-12-22 14:14:13,4.104222
2022-12-22 14:14:43,4.103789
2022-12-22 14:15:13,4.103393
2022-12-22 14:15:43,4.102956
2022-12-22 14:16:13,4.102535
2022-12-22 14:16:43,4.102106
2022-12-22 14:17:13,4.101675
2022-12-22 14:17:43,4.101255
2022-12-22 14:18:14,4.100837
2022-12-22 14:18:44,4.100418
2022-12-22 14:19:14,4.099998
2022-12-22 14:19:44,4.099597
2022-12-22 14:20:14,4.099187
2022-12-22 14:20:44,4.098764
2022-12-22 14:21:14,4.098351
2022-12-22 14:21:44,4.097933
2022-12-22 14:22:15,4.097507
2022-12-22 14:22:45,4.097108
2022-12-22 14:23:15,4.096706
2022-12-22 14:23:45,4.096296
2022-12-22 14:24:15,4.095891
2022-12-22 14:24:45,4.095478
2022-12-22 14:25:15,4.095078
2022-12-22 14:25:45,4.094662
2022-12-22 14:26:16,4.094261
2022-12-22 14:26:46,4.093857
2022-12-22 14:27:16,4.093441
2022-12-22 14:27:46,4.093032
2022-12-22 14:28:16,4.092638
2022-12-22 14:28:46,4.0922
2022-12-22 14:29:16,4.091826
2022-12-22 14:29:46,4.091413
2022-12-22 14:30:17,4.090988
2022-12-22 14:30:47,4.090604
2022-12-22 14:31:17,4.090187
2022-12-22 14:31:47,4.089796
2022-12-22 14:32:17,4.089382
2022-12-22 14:32:47,4.088973
2022-12-22 14:33:17,4.088588
2022-12-22 14:33:48,4.088176
2022-12-22 14:34:18,4.087807
2022-12-22 14:34:48,4.087389
2022-12-22 14:35:18,4.08699
2022-12-22 14:35:48,4.086589
2022-12-22 14:36:18,4.086192
2022-12-22 14:36:48,4.085815
2022-12-22 14:37:18,4.085408
2022-12-22 14:37:49,4.085005
2022-12-22 14:38:19,4.084598
2022-12-22 14:38:49,4.084198
2022-12-22 14:39:19,4.083786
2022-12-22 14:39:49,4.083397
2022-12-22 14:40:19,4.083007
2022-12-22 14:40:49,4.082613
2022-12-22 14:41:19,4.082231
2022-12-22 14:41:50,4.081835
2022-12-22 14:42:20,4.081447
2022-12-22 14:42:50,4.081032
2022-12-22 14:43:20,4.080636
2022-12-22 14:43:50,4.080248
2022-12-22 14:44:20,4.079881
2022-12-22 14:44:50,4.07949
2022-12-22 14:45:20,4.079081
2022-12-22 14:45:51,4.07867
2022-12-22 14:46:21,4.07829
2022-12-22 14:46:51,4.077891
2022-12-22 14:47:21,4.077512
2022-12-22 14:47:51,4.077128
2022-12-22 14:48:21,4.076733
2022-12-22 14:48:51,4.076333
2022-12-22 14:49:21,4.075936
2022-12-22 14:49:52,4.075549
2022-12-22 14:50:22,4.075167
2022-12-22 14:50:52,4.074786
2022-12-22 14:51:22,4.074412
2022-12-22 14:51:52,4.074042
2022-12-22 14:52:22,4.073646
2022-12-22 14:52:52,4.07324
2022-12-22 14:53:22,4.072875
2022-12-22 14:53:53,4.072495
2022-12-22 14:54:23,4.072113
2022-12-22 14:54:53,4.071726
2022-12-22 14:55:23,4.071336
2022-12-22 14:55:53,4.070955
2022-12-22 14:56:23,4.070573
2022-12-22 14:56:53,4.070199
2022-12-22 14:57:23,4.069797
2022-12-22 14:57:54,4.069419
2022-12-22 14:58:24,4.069037
2022-12-22 14:58:54,4.068649
2022-12-22 14:59:24,4.068266
2022-12-22 14:59:54,4.067886
2022-12-22 15:00:24,4.067503
2022-12-22 15:00:54,4.067121
2022-12-22 15:01:24,4.066735
2022-12-22 15:01:55,4.06635
2022-12-22 15:02:25,4.065964
2022-12-22 15:02:55,4.065576
2022-12-22 15:03:25,4.06521
2022-12-22 15:03:55,4.064827
2022-12-22 15:04:25,4.064449
2022-12-22 15:04:55,4.064068
2022-12-22 15:05:26,4.063695
2022-12-22 15:05:56,4.063318
2022-12-22 15:06:26,4.062929
2022-12-22 15:06:56,4.06255
2022-12-22 15:07:26,4.062174
2022-12-22 15:07:56,4.061793
2022-12-22 15:08:26,4.061385
2022-12-22 15:08:56,4.061052
2022-12-22 15:09:27,4.060669
2022-12-22 15:09:57,4.060297
2022-12-22 15:10:27,4.059942
2022-12-22 15:10:57,4.059538
2022-12-22 15:11:27,4.059166
2022-12-22 15:11:57,4.058774
2022-12-22 15:12:27,4.058412
2022-12-22 15:12:57,4.058023
2022-12-22 15:13:28,4.057649
2022-12-22 15:13:58,4.057261
2022-12-22 15:14:28,4.056867
2022-12-22 15:14:58,4.056508
2022-12-22 15:15:28,4.05613
2022-12-22 15:15:58,4.055761
2022-12-22 15:16:28,4.055398
2022-12-22 15:16:58,4.055022
2022-12-22 15:17:29,4.054674
2022-12-22 15:17:59,4.0543
2022-12-22 15:18:29,4.053912
2022-12-22 15:18:59,4.053531
2022-12-22 15:19:29,4.053173
2022-12-22 15:19:59,4.052816
2022-12-22 15:20:29,4.052412
2022-12-22 15:20:59,4.052073
2022-12-22 15:21:30,4.051673
2022-12-22 15:22:00,4.051339
2022-12-22 15:22:30,4.05094
2022-12-22 15:23:00,4.050599
2022-12-22 15:23:30,4.050209
2022-12-22 15:24:00,4.04982
2022-12-22 15:24:30,4.049465
2022-12-22 15:25:00,4.049077
2022-12-22 15:25:31,4.048728
2022-12-22 15:26:01,4.048344
2022-12-22 15:26:31,4.047978
2022-12-22 15:27:01,4.047615
2022-12-22 15:27:31,4.047226
2022-12-22 15:28:01,4.046865
2022-12-22 15:28:31,4.046486
2022-12-22 15:29:01,4.046117
2022-12-22 15:29:32,4.045754
2022-12-22 15:30:02,4.045385
2022-12-22 15:30:32,4.045022
2022-12-22 15:31:02,4.044637
2022-12-22 15:31:32,4.044258
2022-12-22 15:32:02,4.04387
2022-12-22 15:32:32,4.043519
2022-12-22 15:33:02,4.043157
2022-12-22 15:33:33,4.042786
2022-12-22 15:34:03,4.042403
2022-12-22 15:34:33,4.042043
2022-12-22 15:35:03,4.041677
2022-12-22 15:35:33,4.041309
2022-12-22 15:36:03,4.040927
2022-12-22 15:36:33,4.04057
2022-12-22 15:37:03,4.040191
2022-12-22 15:37:34,4.039838
2022-12-22 15:38:04,4.039466
2022-12-22 15:38:34,4.039101
2022-12-22 15:39:04,4.038743
2022-12-22 15:39:34,4.038354
2022-12-22 15:40:04,4.037976
2022-12-22 15:40:34,4.037603
2022-12-22 15:41:04,4.037234
2022-12-22 15:41:35,4.036879
2022-12-22 15:42:05,4.036522
2022-12-22 15:42:35,4.036161
2022-12-22 15:43:05,4.035806
2022-12-22 15:43:35,4.035421
2022-12-22 15:44:05,4.035038
2022-12-22 15:44:35,4.034671
2022-12-22 15:45:06,4.034325
2022-12-22 15:45:36,4.033951
2022-12-22 15:46:06,4.033609
2022-12-22 15:46:36,4.033239
2022-12-22 15:47:06,4.03289
2022-12-22 15:47:36,4.032532
2022-12-22 15:48:06,4.032168
2022-12-22 15:48:36,4.031815
2022-12-22 15:49:07,4.031438
2022-12-22 15:49:37,4.031077
2022-12-22 15:50:07,4.030708
2022-12-22 15:50:37,4.030347
2022-12-22 15:51:07,4.029984
2022-12-22 15:51:37,4.029629
2022-12-22 15:52:07,4.029286
2022-12-22 15:52:37,4.028924
2022-12-22 15:53:08,4.028573
2022-12-22 15:53:38,4.028209
2022-12-22 15:54:08,4.027843
2022-12-22 15:54:38,4.027481
2022-12-22 15:55:08,4.027106
2022-12-22 15:55:38,4.026733
2022-12-22 15:56:08,4.026377
2022-12-22 15:56:38,4.026027
2022-12-22 15:57:09,4.02566
2022-12-22 15:57:39,4.0253
2022-12-22 15:58:09,4.02493
2022-12-22 15:58:39,4.024579
2022-12-22 15:59:09,4.024223
2022-12-22 15:59:39,4.023881
2022-12-22 16:00:09,4.023509
2022-12-22 16:00:39,4.023159
2022-12-22 16:01:10,4.0228
2022-12-22 16:01:40,4.022448
2022-12-22 16:02:10,4.022088
2022-12-22 16:02:40,4.021738
2022-12-22 16:03:10,4.021393
2022-12-22 16:03:40,4.021006
2022-12-22 16:04:10,4.020636
2022-12-22 16:04:40,4.020271
2022-12-22 16:05:11,4.019927
2022-12-22 16:05:41,4.019578
2022-12-22 16:06:11,4.019213
2022-12-22 16:06:41,4.01885
2022-12-22 16:07:11,4.018489
2022-12-22 16:07:41,4.01813
2022-12-22 16:08:11,4.017786
2022-12-22 16:08:42,4.017406
2022-12-22 16:09:12,4.017065
2022-12-22 16:09:42,4.016699
2022-12-22 16:10:12,4.016339
2022-12-22 16:10:42,4.015974
2022-12-22 16:11:12,4.01562
2022-12-22 16:11:42,4.015238
2022-12-22 16:12:12,4.014896
2022-12-22 16:12:43,4.014529
2022-12-22 16:13:13,4.014158
2022-12-22 16:13:43,4.013813
2022-12-22 16:14:13,4.013463
2022-12-22 16:14:43,4.013102
2022-12-22 16:15:13,4.012772
2022-12-22 16:15:43,4.012394
2022-12-22 16:16:13,4.012044
2022-12-22 16:16:44,4.011672
2022-12-22 16:17:14,4.011327
2022-12-22 16:17:44,4.010963
2022-12-22 16:18:14,4.010616
2022-12-22 16:18:44,4.010277
2022-12-22 16:19:14,4.0099
2022-12-22 16:19:44,4.009542
2022-12-22 16:20:14,4.009203
2022-12-22 16:20:45,4.008857
2022-12-22 16:21:15,4.008496
2022-12-22 16:21:45,4.008134
2022-12-22 16:22:15,4.007786
2022-12-22 16:22:45,4.007437
2022-12-22 16:23:15,4.007066
2022-12-22 16:23:45,4.006748
2022-12-22 16:24:15,4.006371
2022-12-22 16:24:46,4.006017
2022-12-22 16:25:16,4.005686
2022-12-22 16:25:46,4.005328
2022-12-22 16:26:16,4.004951
2022-12-22 16:26:46,4.004609
2022-12-22 16:27:16,4.004268
2022-12-22 16:27:46,4.003925
2022-12-22 16:28:17,4.003579
2022-12-22 16:28:47,4.003247
2022-12-22 16:29:17,4.002855
2022-12-22 16:29:47,4.002521
2022-12-22 16:30:17,4.002168
2022-12-22 16:30:47,4.00182
2022-12-22 16:31:17,4.001458
2022-12-22 16:31:47,4.001114
2022-12-22 16:32:18,4.000762
2022-12-22 16:32:48,4.000417
2022-12-22 16:33:18,4.00007
2022-12-22 16:33:48,3.999706
2022-12-22 16:34:18,3.999379
2022-12-22 16:34:48,3.999023
2022-12-22 16:35:18,3.998664
2022-12-22 16:35:48,3.998302
2022-12-22 16:36:19,3.997949
2022-12-22 16:36:49,3.997607
2022-12-22 16:37:19,3.997272
2022-12-22 16:37:49,3.996909
2022-12-22 16:38:19,3.996572
2022-12-22 16:38:49,3.996219
2022-12-22 16:39:19,3.995867
2022-12-22 16:39:49,3.995519
2022-12-22 16:40:20,3.995156
2022-12-22 16:40:50,3.994812
2022-12-22 16:41:20,3.994468
2022-12-22 16:41:50,3.994118
2022-12-22 16:42:20,3.993771
2022-12-22 16:42:50,3.993411
2022-12-22 16:43:20,3.993063
2022-12-22 16:43:50,3.992686
2022-12-22 16:44:21,3.992354
2022-12-22 16:44:51,3.992007
2022-12-22 16:45:21,3.991673
2022-12-22 16:45:51,3.991315
2022-12-22 16:46:21,3.99099
2022-12-22 16:46:51,3.990632
2022-12-22 16:47:21,3.990275
2022-12-22 16:47:51,3.989908
2022-12-22 16:48:22,3.989604
2022-12-22 16:48:52,3.989229
2022-12-22 16:49:22,3.988889
2022-12-22 16:49:52,3.988536
2022-12-22 16:50:22,3.988193
2022-12-22 16:50:52,3.987851
2022-12-22 16:51:22,3.987487
2022-12-22 16:51:52,3.987142
2022-12-22 16:52:23,3.986793
2022-12-22 16:52:53,3.986458
2022-12-22 16:53:23,3.986089
2022-12-22 16:53:53,3.985756
2022-12-22 16:54:23,3.985371
2022-12-22 16:54:53,3.985059
2022-12-22 16:55:23,3.984695
2022-12-22 16:55:53,3.984338
2022-12-22 16:56:24,3.984009
2022-12-22 16:56:54,3.983648
2022-12-22 16:57:24,3.983293
2022-12-22 16:57:54,3.982962
2022-12-22 16:58:24,3.982627
2022-12-22 16:58:54,3.982269
2022-12-22 16:59:24,3.981907
2022-12-22 16:59:54,3.981597
2022-12-22 17:00:25,3.981248
2022-12-22 17:00:55,3.980925
2022-12-22 17:01:25,3.980566
2022-12-22 17:01:55,3.98023
2022-12-22 17:02:25,3.979876
2022-12-22 17:02:55,3.979542
2022-12-22 17:03:25,3.979203
2022-12-22 17:03:55,3.978881
2022-12-22 17:04:26,3.978526
2022-12-22 17:04:56,3.978193
2022-12-22 17:05:26,3.977839
2022-12-22 17:05:56,3.977489
2022-12-22 17:06:26,3.97716
2022-12-22 17:06:56,3.976815
2022-12-22 17:07:26,3.976457
2022-12-22 17:07:57,3.976131
2022-12-22 17:08:27,3.975798
2022-12-22 17:08:57,3.975425
2022-12-22 17:09:27,3.97511
2022-12-22 17:09:57,3.97477
2022-12-22 17:10:27,3.974421
2022-12-22 17:10:57,3.974082
2022-12-22 17:11:27,3.973734
2022-12-22 17:11:58,3.973429
2022-12-22 17:12:28,3.973068
2022-12-22 17:12:58,3.972718
2022-12-22 17:13:28,3.972382
2022-12-22 17:13:58,3.972067
2022-12-22 17:14:28,3.971723
2022-12-22 17:14:58,3.971412
2022-12-22 17:15:28,3.971051
2022-12-22 17:15:59,3.970692
2022-12-22 17:16:29,3.970371
2022-12-22 17:16:59,3.97003
2022-12-22 17:17:29,3.969713
2022-12-22 17:17:59,3.969354
2022-12-22 17:18:29,3.969008
2022-12-22 17:18:59,3.96867
2022-12-22 17:19:29,3.968338
2022-12-22 17:20:00,3.967978
2022-12-22 17:20:30,3.967668
2022-12-22 17:21:00,3.967331
2022-12-22 17:21:30,3.966978
2022-12-22 17:22:00,3.966624
2022-12-22 17:22:30,3.966322
2022-12-22 17:23:00,3.965975
2022-12-22 17:23:30,3.965631
2022-12-22 17:24:01,3.965287
2022-12-22 17:24:31,3.964941
2022-12-22 17:25:01,3.964613
2022-12-22 17:25:31,3.96426
2022-12-22 17:26:01,3.963918
2022-12-22 17:26:31,3.96359
2022-12-22 17:27:01,3.963251
2022-12-22 17:27:31,3.96291
2022-12-22 17:28:02,3.96257
2022-12-22 17:28:32,3.96223
2022-12-22 17:29:02,3.961902
2022-12-22 17:29:32,3.961553
2022-12-22 17:30:02,3.961216
2022-12-22 17:30:32,3.96087
2022-12-22 17:31:02,3.96054
2022-12-22 17:31:33,3.960175
2022-12-22 17:32:03,3.95986
2022-12-22 17:32:33,3.959531
2022-12-22 17:33:03,3.959169
2022-12-22 17:33:33,3.958853
2022-12-22 17:34:03,3.958525
2022-12-22 17:34:33,3.958168
2022-12-22 17:35:03,3.957845
2022-12-22 17:35:34,3.95751
2022-12-22 17:36:04,3.957169
2022-12-22 17:36:34,3.956843
2022-12-22 17:37:04,3.956494
2022-12-22 17:37:34,3.95615
2022-12-22 17:38:04,3.955846
2022-12-22 17:38:34,3.955499
2022-12-22 17:39:04,3.955162
2022-12-22 17:39:35,3.954821
2022-12-22 17:40:05,3.954486
2022-12-22 17:40:35,3.954151
2022-12-22 17:41:05,3.953792
2022-12-22 17:41:35,3.953485
2022-12-22 17:42:05,3.95314
2022-12-22 17:42:35,3.952801
2022-12-22 17:43:06,3.952466
2022-12-22 17:43:36,3.952155
2022-12-22 17:44:06,3.951813
2022-12-22 17:44:36,3.951482
2022-12-22 17:45:06,3.951132
2022-12-22 17:45:36,3.950817
2022-12-22 17:46:06,3.950474
2022-12-22 17:46:36,3.95012
2022-12-22 17:47:07,3.949788
2022-12-22 17:47:37,3.949458
2022-12-22 17:48:07,3.949144
2022-12-22 17:48:37,3.948798
2022-12-22 17:49:07,3.948446
2022-12-22 17:49:37,3.948126
2022-12-22 17:50:07,3.947784
2022-12-22 17:50:37,3.947442
2022-12-22 17:51:08,3.947106
2022-12-22 17:51:38,3.946765
2022-12-22 17:52:08,3.94644
2022-12-22 17:52:38,3.946122
2022-12-22 17:53:08,3.945773
2022-12-22 17:53:38,3.945443
2022-12-22 17:54:08,3.945105
2022-12-22 17:54:38,3.944786
2022-12-22 17:55:09,3.944442
2022-12-22 17:55:39,3.944096
2022-12-22 17:56:09,3.943764
2022-12-22 17:56:39,3.94345
2022-12-22 17:57:09,3.943103
2022-12-22 17:57:39,3.942759
2022-12-22 17:58:09,3.942444
2022-12-22 17:58:40,3.942109
2022-12-22 17:59:10,3.941768
2022-12-22 17:59:40,3.941419
2022-12-22 18:00:10,3.941089
2022-12-22 18:00:40,3.940766
2022-12-22 18:01:10,3.940439
2022-12-22 18:01:40,3.940093
2022-12-22 18:02:10,3.939762
2022-12-22 18:02:41,3.939418
2022-12-22 18:03:11,3.939107
2022-12-22 18:03:41,3.938772
2022-12-22 18:04:11,3.938438
2022-12-22 18:04:41,3.938115
2022-12-22 18:05:11,3.937768
2022-12-22 18:05:41,3.937451
2022-12-22 18:06:11,3.937137
2022-12-22 18:06:42,3.936783
2022-12-22 18:07:12,3.936454
2022-12-22 18:07:42,3.936143
2022-12-22 18:08:12,3.935804
2022-12-22 18:08:42,3.935481
2022-12-22 18:09:12,3.935161
2022-12-22 18:09:42,3.934816
2022-12-22 18:10:12,3.934486
2022-12-22 18:10:43,3.934151
2022-12-22 18:11:13,3.933827
2022-12-22 18:11:43,3.933492
2022-12-22 18:12:13,3.933152
2022-12-22 18:12:43,3.932812
2022-12-22 18:13:13,3.932479
2022-12-22 18:13:43,3.932143
2022-12-22 18:14:13,3.931797
2022-12-22 18:14:44,3.931492
2022-12-22 18:15:14,3.931156
2022-12-22 18:15:44,3.930843
2022-12-22 18:16:14,3.930495
2022-12-22 18:16:44,3.930167
2022-12-22 18:17:14,3.929853
2022-12-22 18:17:44,3.92953
2022-12-22 18:18:14,3.929201
2022-12-22 18:18:45,3.928869
2022-12-22 18:19:15,3.928546
2022-12-22 18:19:45,3.928231
2022-12-22 18:20:15,3.927888
2022-12-22 18:20:45,3.927553
2022-12-22 18:21:15,3.927235
2022-12-22 18:21:45,3.926903
2022-12-22 18:22:16,3.92658
2022-12-22 18:22:46,3.926259
2022-12-22 18:23:16,3.925943
2022-12-22 18:23:46,3.925599
2022-12-22 18:24:16,3.925269
2022-12-22 18:24:46,3.92495
2022-12-22 18:25:16,3.924628
2022-12-22 18:25:46,3.924294
2022-12-22 18:26:17,3.923979
2022-12-22 18:26:47,3.923644
2022-12-22 18:27:17,3.9233
2022-12-22 18:27:47,3.922973
2022-12-22 18:28:17,3.922638
2022-12-22 18:28:47,3.922327
2022-12-22 18:29:17,3.92201
2022-12-22 18:29:47,3.921686
2022-12-22 18:30:18,3.921354
2022-12-22 18:30:48,3.921038
2022-12-22 18:31:18,3.92072
2022-12-22 18:31:48,3.920389
2022-12-22 18:32:18,3.920055
2022-12-22 18:32:48,3.919723
2022-12-22 18:33:18,3.919394
2022-12-22 18:33:48,3.919068
2022-12-22 18:34:19,3.918747
2022-12-22 18:34:49,3.918422
2022-12-22 18:35:19,3.918102
2022-12-22 18:35:49,3.917757
2022-12-22 18:36:19,3.91744
2022-12-22 18:36:49,3.917131
2022-12-22 18:37:19,3.916779
2022-12-22 18:37:49,3.916478
2022-12-22 18:38:20,3.916136
2022-12-22 18:38:50,3.915814
2022-12-22 18:39:20,3.915492
2022-12-22 18:39:50,3.915177
2022-12-22 18:40:20,3.91485
2022-12-22 18:40:50,3.914513
2022-12-22 18:41:20,3.914208
2022-12-22 18:41:51,3.913884
2022-12-22 18:42:21,3.913558
2022-12-22 18:42:51,3.913211
2022-12-22 18:43:21,3.912901
2022-12-22 18:43:51,3.912577
2022-12-22 18:44:21,3.91223
2022-12-22 18:44:51,3.91191
2022-12-22 18:45:21,3.911587
2022-12-22 18:45:52,3.911267
2022-12-22 18:46:22,3.910933
2022-12-22 18:46:52,3.910583
2022-12-22 18:47:22,3.910273
2022-12-22 18:47:52,3.909936
2022-12-22 18:48:22,3.909605
2022-12-22 18:48:52,3.909297
2022-12-22 18:49:22,3.908986
2022-12-22 18:49:53,3.908657
2022-12-22 18:50:23,3.908334
2022-12-22 18:50:53,3.907996
2022-12-22 18:51:23,3.907668
2022-12-22 18:51:53,3.907346
2022-12-22 18:52:23,3.907019
2022-12-22 18:52:53,3.906701
2022-12-22 18:53:23,3.906375
2022-12-22 18:53:54,3.906071
2022-12-22 18:54:24,3.905732
2022-12-22 18:54:54,3.905403
2022-12-22 18:55:24,3.905085
2022-12-22 18:55:54,3.904773
2022-12-22 18:56:24,3.904439
2022-12-22 18:56:54,3.904119
2022-12-22 18:57:24,3.903795
2022-12-22 18:57:55,3.903474
2022-12-22 18:58:25,3.903144
2022-12-22 18:58:55,3.902818
2022-12-22 18:59:25,3.9025
2022-12-22 18:59:55,3.902169
2022-12-22 19:00:25,3.901835
2022-12-22 19:00:55,3.901526
2022-12-22 19:01:26,3.901214
2022-12-22 19:01:56,3.90087
2022-12-22 19:02:26,3.90055
2022-12-22 19:02:56,3.900226
2022-12-22 19:03:26,3.899902
2022-12-22 19:03:56,3.899594
2022-12-22 19:04:26,3.899272
2022-12-22 19:04:56,3.898925
2022-12-22 19:05:27,3.898616
2022-12-22 19:05:57,3.898301
2022-12-22 19:06:27,3.897973
2022-12-22 19:06:57,3.897653
2022-12-22 19:07:27,3.897339
2022-12-22 19:07:57,3.897011
2022-12-22 19:08:27,3.896677
2022-12-22 19:08:57,3.896356
2022-12-22 19:09:28,3.896037
2022-12-22 19:09:58,3.895732
2022-12-22 19:10:28,3.895388
2022-12-22 19:10:58,3.89507
2022-12-22 19:11:28,3.894749
2022-12-22 19:11:58,3.894432
2022-12-22 19:12:28,3.894108
2022-12-22 19:12:58,3.893792
2022-12-22 19:13:29,3.893475
2022-12-22 19:13:59,3.89314
2022-12-22 19:14:29,3.892815
2022-12-22 19:14:59,3.892503
2022-12-22 19:15:29,3.892182
2022-12-22 19:15:59,3.891863
2022-12-22 19:16:29,3.891543
2022-12-22 19:17:00,3.891243
2022-12-22 19:17:30,3.890908
2022-12-22 19:18:00,3.890586
2022-12-22 19:18:30,3.890278
2022-12-22 19:19:00,3.889942
2022-12-22 19:19:30,3.889625
2022-12-22 19:20:00,3.889291
2022-12-22 19:20:30,3.888965
2022-12-22 19:21:01,3.888644
2022-12-22 19:21:31,3.888351
2022-12-22 19:22:01,3.888014
2022-12-22 19:22:31,3.887698
2022-12-22 19:23:01,3.887372
2022-12-22 19:23:31,3.887034
2022-12-22 19:24:01,3.88673
2022-12-22 19:24:32,3.886418
2022-12-22 19:25:02,3.886113
2022-12-22 19:25:32,3.885792
2022-12-22 19:26:02,3.88544
2022-12-22 19:26:32,3.885129
2022-12-22 19:27:02,3.884811
2022-12-22 19:27:32,3.884474
2022-12-22 19:28:02,3.884161
2022-12-22 19:28:33,3.883852
2022-12-22 19:29:03,3.883517
2022-12-22 19:29:33,3.883183
2022-12-22 19:30:03,3.882874
2022-12-22 19:30:33,3.882547
2022-12-22 19:31:03,3.882215
2022-12-22 19:31:33,3.881894
2022-12-22 19:32:03,3.881568
2022-12-22 19:32:34,3.881261
2022-12-22 19:33:04,3.880939
2022-12-22 19:33:34,3.880612
2022-12-22 19:34:04,3.880298
2022-12-22 19:34:34,3.879987
2022-12-22 19:35:04,3.879646
2022-12-22 19:35:34,3.879314
2022-12-22 19:36:04,3.878988
2022-12-22 19:36:35,3.878676
2022-12-22 19:37:05,3.878351
2022-12-22 19:37:35,3.878009
2022-12-22 19:38:05,3.877685
2022-12-22 19:38:35,3.877379
2022-12-22 19:39:05,3.877045
2022-12-22 19:39:35,3.8767
2022-12-22 19:40:05,3.876397
2022-12-22 19:40:36,3.876088
2022-12-22 19:41:06,3.875746
2022-12-22 19:41:36,3.875419
2022-12-22 19:42:06,3.875102
2022-12-22 19:42:36,3.874779
2022-12-22 19:43:06,3.874441
2022-12-22 19:43:36,3.874111
2022-12-22 19:44:06,3.873794
2022-12-22 19:44:37,3.873456
2022-12-22 19:45:07,3.873119
2022-12-22 19:45:37,3.872789
2022-12-22 19:46:07,3.872454
2022-12-22 19:46:37,3.872152
2022-12-22 19:47:07,3.871827
2022-12-22 19:47:37,3.871502
2022-12-22 19:48:07,3.871169
2022-12-22 19:48:38,3.87086
2022-12-22 19:49:08,3.870537
2022-12-22 19:49:38,3.870204
2022-12-22 19:50:08,3.86987
2022-12-22 19:50:38,3.869553
2022-12-22 19:51:08,3.869231
2022-12-22 19:51:38,3.868899
2022-12-22 19:52:08,3.868585
2022-12-22 19:52:39,3.868255
2022-12-22 19:53:09,3.867926
2022-12-22 19:53:39,3.867599
2022-12-22 19:54:09,3.867278
2022-12-22 19:54:39,3.86694
2022-12-22 19:55:09,3.866607
2022-12-22 19:55:39,3.866286
2022-12-22 19:56:09,3.865954
2022-12-22 19:56:40,3.865628
2022-12-22 19:57:10,3.865305
2022-12-22 19:57:40,3.864978
2022-12-22 19:58:10,3.864638
2022-12-22 19:58:40,3.864304
2022-12-22 19:59:10,3.863988
2022-12-22 19:59:40,3.863665
2022-12-22 20:00:11,3.863327
2022-12-22 20:00:41,3.863008
2022-12-22 20:01:11,3.862661
2022-12-22 20:01:41,3.862357
2022-12-22 20:02:11,3.862028
2022-12-22 20:02:41,3.861691
2022-12-22 20:03:11,3.861344
2022-12-22 20:03:41,3.86104
2022-12-22 20:04:12,3.860702
2022-12-22 20:04:42,3.860373
2022-12-22 20:05:12,3.860041
2022-12-22 20:05:42,3.859707
2022-12-22 20:06:12,3.859374
2022-12-22 20:06:42,3.859052
2022-12-22 20:07:12,3.858732
2022-12-22 20:07:42,3.858393
2022-12-22 20:08:13,3.858065
2022-12-22 20:08:43,3.857751
2022-12-22 20:09:13,3.85741
2022-12-22 20:09:43,3.857071
2022-12-22 20:10:13,3.856747
2022-12-22 20:10:43,3.856406
2022-12-22 20:11:13,3.856062
2022-12-22 20:11:43,3.855737
2022-12-22 20:12:14,3.855428
2022-12-22 20:12:44,3.855083
2022-12-22 20:13:14,3.854757
2022-12-22 20:13:44,3.85441
2022-12-22 20:14:14,3.854085
2022-12-22 20:14:44,3.853751
2022-12-22 20:15:14,3.853421
2022-12-22 20:15:44,3.85312
2022-12-22 20:16:15,3.852767
2022-12-22 20:16:45,3.852458
2022-12-22 20:17:15,3.85212
2022-12-22 20:17:45,3.851775
2022-12-22 20:18:15,3.851464
2022-12-22 20:18:45,3.851115
2022-12-22 20:19:15,3.850772
2022-12-22 20:19:45,3.850454
2022-12-22 20:20:16,3.850107
2022-12-22 20:20:46,3.849782
2022-12-22 20:21:16,3.84945
2022-12-22 20:21:46,3.849117
2022-12-22 20:22:16,3.848778
2022-12-22 20:22:46,3.848442
2022-12-22 20:23:16,3.848115
2022-12-22 20:23:46,3.847779
2022-12-22 20:24:17,3.847448
2022-12-22 20:24:47,3.847115
2022-12-22 20:25:17,3.846783
2022-12-22 20:25:47,3.846454
2022-12-22 20:26:17,3.846124
2022-12-22 20:26:47,3.845777
2022-12-22 20:27:17,3.845457
2022-12-22 20:27:47,3.84511
2022-12-22 20:28:18,3.844774
2022-12-22 20:28:48,3.844438
2022-12-22 20:29:18,3.844105
2022-12-22 20:29:48,3.843783
2022-12-22 20:30:18,3.843435
2022-12-22 20:30:48,3.843123
2022-12-22 20:31:18,3.84277
2022-12-22 20:31:49,3.842431
2022-12-22 20:32:19,3.842108
2022-12-22 20:32:49,3.841762
2022-12-22 20:33:19,3.841441
2022-12-22 20:33:49,3.8411
2022-12-22 20:34:19,3.84078
2022-12-22 20:34:49,3.840409
2022-12-22 20:35:19,3.840114
2022-12-22 20:35:50,3.839775
2022-12-22 20:36:20,3.839437
2022-12-22 20:36:50,3.839109
2022-12-22 20:37:20,3.838757
2022-12-22 20:37:50,3.838433
2022-12-22 20:38:20,3.83809
2022-12-22 20:38:50,3.837763
2022-12-22 20:39:20,3.837406
2022-12-22 20:39:51,3.837076
2022-12-22 20:40:21,3.836745
2022-12-22 20:40:51,3.836404
2022-12-22 20:41:21,3.836089
2022-12-22 20:41:51,3.835748
2022-12-22 20:42:21,3.835398
2022-12-22 20:42:51,3.835084
2022-12-22 20:43:21,3.834737
2022-12-22 20:43:52,3.834379
2022-12-22 20:44:22,3.834062
2022-12-22 20:44:52,3.833714
2022-12-22 20:45:22,3.833401
2022-12-22 20:45:52,3.833068
2022-12-22 20:46:22,3.832725
2022-12-22 20:46:52,3.832365
2022-12-22 20:47:23,3.832029
2022-12-22 20:47:53,3.831727
2022-12-22 20:48:23,3.831374
2022-12-22 20:48:53,3.831042
2022-12-22 20:49:23,3.830703
2022-12-22 20:49:53,3.830359
2022-12-22 20:50:23,3.830016
2022-12-22 20:50:53,3.829681
2022-12-22 20:51:24,3.829352
2022-12-22 20:51:54,3.829028
2022-12-22 20:52:24,3.828682
2022-12-22 20:52:54,3.828344
2022-12-22 20:53:24,3.828003
2022-12-22 20:53:54,3.827668
2022-12-22 20:54:24,3.827316
2022-12-22 20:54:54,3.826984
2022-12-22 20:55:25,3.826645
2022-12-22 20:55:55,3.826329
2022-12-22 20:56:25,3.825978
2022-12-22 20:56:55,3.82564
2022-12-22 20:57:25,3.825308
2022-12-22 20:57:55,3.824967
2022-12-22 20:58:25,3.824633
2022-12-22 20:58:55,3.824275
2022-12-22 20:59:26,3.823938
2022-12-22 20:59:56,3.823618
2022-12-22 21:00:26,3.823288
2022-12-22 21:00:56,3.822959
2022-12-22 21:01:26,3.822619
2022-12-22 21:01:56,3.822287
2022-12-22 21:02:26,3.821954
2022-12-22 21:02:56,3.821616
2022-12-22 21:03:27,3.821274
2022-12-22 21:03:57,3.820957
2022-12-22 21:04:27,3.820617
2022-12-22 21:04:57,3.820286
2022-12-22 21:05:27,3.819955
2022-12-22 21:05:57,3.819613
2022-12-22 21:06:27,3.819272
2022-12-22 21:06:57,3.818935
2022-12-22 21:07:28,3.818609
2022-12-22 21:07:58,3.818261
2022-12-22 21:08:28,3.817924
2022-12-22 21:08:58,3.817588
2022-12-22 21:09:28,3.817262
2022-12-22 21:09:58,3.81694
2022-12-22 21:10:28,3.816574
2022-12-22 21:10:58,3.816259
2022-12-22 21:11:29,3.815915
2022-12-22 21:11:59,3.815593
2022-12-22 21:12:29,3.815251
2022-12-22 21:12:59,3.814925
2022-12-22 21:13:29,3.814597
2022-12-22 21:13:59,3.814255
2022-12-22 21:14:29,3.81394
2022-12-22 21:15:00,3.813603
2022-12-22 21:15:30,3.813277
2022-12-22 21:16:00,3.812949
2022-12-22 21:16:30,3.812593
2022-12-22 21:17:00,3.812243
2022-12-22 21:17:30,3.811944
2022-12-22 21:18:00,3.811593
2022-12-22 21:18:30,3.811264
2022-12-22 21:19:01,3.810939
2022-12-22 21:19:31,3.810591
2022-12-22 21:20:01,3.810268
2022-12-22 21:20:31,3.80993
2022-12-22 21:21:01,3.809594
2022-12-22 21:21:31,3.809269
2022-12-22 21:22:01,3.808944
2022-12-22 21:22:31,3.808595
2022-12-22 21:23:02,3.808276
2022-12-22 21:23:32,3.807935
2022-12-22 21:24:02,3.807621
2022-12-22 21:24:32,3.807283
2022-12-22 21:25:02,3.806952
2022-12-22 21:25:32,3.806641
2022-12-22 21:26:02,3.806313
2022-12-22 21:26:32,3.805964
2022-12-22 21:27:03,3.805648
2022-12-22 21:27:33,3.805326
2022-12-22 21:28:03,3.804987
2022-12-22 21:28:33,3.804656
2022-12-22 21:29:03,3.804313
2022-12-22 21:29:33,3.80399
2022-12-22 21:30:03,3.803662
2022-12-22 21:30:34,3.803333
2022-12-22 21:31:04,3.802996
2022-12-22 21:31:34,3.802676
2022-12-22 21:32:04,3.80234
2022-12-22 21:32:34,3.802004
2022-12-22 21:33:04,3.801679
2022-12-22 21:33:34,3.801367
2022-12-22 21:34:04,3.801023
2022-12-22 21:34:35,3.800704
2022-12-22 21:35:05,3.800372
2022-12-22 21:35:35,3.800043
2022-12-22 21:36:05,3.79973
2022-12-22 21:36:35,3.799399
2022-12-22 21:37:05,3.79907
2022-12-22 21:37:35,3.798752
2022-12-22 21:38:06,3.798428
2022-12-22 21:38:36,3.798092
2022-12-22 21:39:06,3.797769
2022-12-22 21:39:36,3.79746
2022-12-22 21:40:06,3.797125
2022-12-22 21:40:36,3.796803
2022-12-22 21:41:06,3.796495
2022-12-22 21:41:36,3.79616
2022-12-22 21:42:07,3.795847
2022-12-22 21:42:37,3.79553
2022-12-22 21:43:07,3.795208
2022-12-22 21:43:37,3.794873
2022-12-22 21:44:07,3.794558
2022-12-22 21:44:37,3.794229
2022-12-22 21:45:07,3.793916
2022-12-22 21:45:37,3.793607
2022-12-22 21:46:08,3.793287
2022-12-22 21:46:38,3.792958
2022-12-22 21:47:08,3.792645
2022-12-22 21:47:38,3.792313
2022-12-22 21:48:08,3.792001
2022-12-22 21:48:38,3.791682
2022-12-22 21:49:08,3.791359
2022-12-22 21:49:39,3.791041
2022-12-22 21:50:09,3.790711
2022-12-22 21:50:39,3.790387
2022-12-22 21:51:09,3.790084
2022-12-22 21:51:39,3.789761
2022-12-22 21:52:09,3.789448
2022-12-22 21:52:39,3.789132
2022-12-22 21:53:09,3.788788
2022-12-22 21:53:40,3.788471
2022-12-22 21:54:10,3.788155
2022-12-22 21:54:40,3.787836
2022-12-22 21:55:10,3.787515
2022-12-22 21:55:40,3.78719
2022-12-22 21:56:10,3.786878
2022-12-22 21:56:40,3.786557
2022-12-22 21:57:10,3.786242
2022-12-22 21:57:41,3.785941
2022-12-22 21:58:11,3.785639
2022-12-22 21:58:41,3.785323
2022-12-22 21:59:11,3.785003
2022-12-22 21:59:41,3.784713
2022-12-22 22:00:11,3.784376
2022-12-22 22:00:41,3.784066
2022-12-22 22:01:11,3.783762
2022-12-22 22:01:42,3.783447
2022-12-22 22:02:12,3.783128
2022-12-22 22:02:42,3.782801
2022-12-22 22:03:12,3.782522
2022-12-22 22:03:42,3.782215
2022-12-22 22:04:12,3.781902
2022-12-22 22:04:42,3.781592
2022-12-22 22:05:12,3.781304
2022-12-22 22:05:43,3.780956
2022-12-22 22:06:13,3.780666
2022-12-22 22:06:43,3.780363
2022-12-22 22:07:13,3.780053
2022-12-22 22:07:43,3.779751
2022-12-22 22:08:13,3.77944
2022-12-22 22:08:43,3.779124
2022-12-22 22:09:13,3.778811
2022-12-22 22:09:44,3.778487
2022-12-22 22:10:14,3.778183
2022-12-22 22:10:44,3.777875
2022-12-22 22:11:14,3.777569
2022-12-22 22:11:44,3.777241
2022-12-22 22:12:14,3.776956
2022-12-22 22:12:44,3.776633
2022-12-22 22:13:15,3.776324
2022-12-22 22:13:45,3.776009
2022-12-22 22:14:15,3.775707
2022-12-22 22:14:45,3.775398
2022-12-22 22:15:15,3.775093
2022-12-22 22:15:45,3.774783
2022-12-22 22:16:15,3.77448
2022-12-22 22:16:45,3.774179
2022-12-22 22:17:16,3.773865
2022-12-22 22:17:46,3.773562
2022-12-22 22:18:16,3.773276
2022-12-22 22:18:46,3.77295
2022-12-22 22:19:16,3.772651
2022-12-22 22:19:46,3.772344
2022-12-22 22:20:16,3.772028
2022-12-22 22:20:46,3.771733
2022-12-22 22:21:17,3.771418
2022-12-22 22:21:47,3.771139
2022-12-22 22:22:17,3.77082
2022-12-22 22:22:47,3.770524
2022-12-22 22:23:17,3.770209
2022-12-22 22:23:47,3.769905
2022-12-22 22:24:17,3.769616
2022-12-22 22:24:48,3.769306
2022-12-22 22:25:18,3.769011
2022-12-22 22:25:48,3.768715
2022-12-22 22:26:18,3.768398
2022-12-22 22:26:48,3.768094
2022-12-22 22:27:18,3.767781
2022-12-22 22:27:48,3.767491
2022-12-22 22:28:18,3.767209
2022-12-22 22:28:49,3.766891
2022-12-22 22:29:19,3.7666
2022-12-22 22:29:49,3.7663
2022-12-22 22:30:19,3.765987
2022-12-22 22:30:49,3.765679
2022-12-22 22:31:19,3.765375
2022-12-22 22:31:49,3.765088
2022-12-22 22:32:19,3.764762
2022-12-22 22:32:50,3.764477
2022-12-22 22:33:20,3.764184
2022-12-22 22:33:50,3.763888
2022-12-22 22:34:20,3.763579
2022-12-22 22:34:50,3.763278
2022-12-22 22:35:20,3.762976
2022-12-22 22:35:50,3.762671
2022-12-22 22:36:20,3.762375
2022-12-22 22:36:51,3.762068
2022-12-22 22:37:21,3.761777
2022-12-22 22:37:51,3.76148
2022-12-22 22:38:21,3.761164
2022-12-22 22:38:51,3.760858
2022-12-22 22:39:21,3.760565
2022-12-22 22:39:51,3.760275
2022-12-22 22:40:22,3.75996
2022-12-22 22:40:52,3.759655
2022-12-22 22:41:22,3.759367
2022-12-22 22:41:52,3.759058
2022-12-22 22:42:22,3.758788
2022-12-22 22:42:52,3.758475
2022-12-22 22:43:22,3.758182
2022-12-22 22:43:52,3.757873
2022-12-22 22:44:23,3.757589
2022-12-22 22:44:53,3.757302
2022-12-22 22:45:23,3.757019
2022-12-22 22:45:53,3.756717
2022-12-22 22:46:23,3.75644
2022-12-22 22:46:53,3.756135
2022-12-22 22:47:23,3.755847
2022-12-22 22:47:53,3.75554
2022-12-22 22:48:24,3.755255
2022-12-22 22:48:54,3.754961
2022-12-22 22:49:24,3.754665
2022-12-22 22:49:54,3.754385
2022-12-22 22:50:24,3.754081
2022-12-22 22:50:54,3.753791
2022-12-22 22:51:24,3.753503
2022-12-22 22:51:55,3.753229
2022-12-22 22:52:25,3.752939
2022-12-22 22:52:55,3.752643
2022-12-22 22:53:25,3.75234
2022-12-22 22:53:55,3.752049
2022-12-22 22:54:25,3.751753
2022-12-22 22:54:55,3.751467
2022-12-22 22:55:25,3.751161
2022-12-22 22:55:56,3.750878
2022-12-22 22:56:26,3.750581
2022-12-22 22:56:56,3.750288
2022-12-22 22:57:26,3.749976
2022-12-22 22:57:56,3.749696
2022-12-22 22:58:26,3.749414
2022-12-22 22:58:56,3.74912
2022-12-22 22:59:26,3.748826
2022-12-22 22:59:57,3.748541
2022-12-22 23:00:27,3.748238
2022-12-22 23:00:57,3.747946
2022-12-22 23:01:27,3.747671
2022-12-22 23:01:57,3.74737
2022-12-22 23:02:27,3.747082
2022-12-22 23:02:57,3.746791
2022-12-22 23:03:27,3.746509
2022-12-22 23:03:58,3.746216
2022-12-22 23:04:28,3.745909
2022-12-22 23:04:58,3.74562
2022-12-22 23:05:28,3.745322
2022-12-22 23:05:58,3.74504
2022-12-22 23:06:28,3.744746
2022-12-22 23:06:58,3.744459
2022-12-22 23:07:28,3.744155
2022-12-22 23:07:59,3.743873
2022-12-22 23:08:29,3.743584
2022-12-22 23:08:59,3.743287
2022-12-22 23:09:29,3.742999
2022-12-22 23:09:59,3.742713
2022-12-22 23:10:29,3.742432
2022-12-22 23:10:59,3.742142
2022-12-22 23:11:29,3.74184
2022-12-22 23:12:00,3.741546
2022-12-22 23:12:30,3.741271
2022-12-22 23:13:00,3.740986
2022-12-22 23:13:30,3.740679
2022-12-22 23:14:00,3.740412
2022-12-22 23:14:30,3.74013
2022-12-22 23:15:00,3.739837
2022-12-22 23:15:30,3.739569
2022-12-22 23:16:01,3.739268
2022-12-22 23:16:31,3.73898
2022-12-22 23:17:01,3.738694
2022-12-22 23:17:31,3.73842
2022-12-22 23:18:01,3.738136
2022-12-22 23:18:31,3.73786
2022-12-22 23:19:01,3.737555
2022-12-22 23:19:32,3.737268
2022-12-22 23:20:02,3.736986
2022-12-22 23:20:32,3.73671
2022-12-22 23:21:02,3.736433
2022-12-22 23:21:32,3.736151
2022-12-22 23:22:02,3.735865
2022-12-22 23:22:32,3.735569
2022-12-22 23:23:02,3.735286
2022-12-22 23:23:33,3.735014
2022-12-22 23:24:03,3.734723
2022-12-22 23:24:33,3.734442
2022-12-22 23:25:03,3.73415
2022-12-22 23:25:33,3.733876
2022-12-22 23:26:03,3.733596
2022-12-22 23:26:33,3.733304
2022-12-22 23:27:03,3.733026
2022-12-22 23:27:34,3.732751
2022-12-22 23:28:04,3.732457
2022-12-22 23:28:34,3.732176
2022-12-22 23:29:04,3.7319
2022-12-22 23:29:34,3.731605
2022-12-22 23:30:04,3.731337
2022-12-22 23:30:34,3.731059
2022-12-22 23:31:04,3.730772
2022-12-22 23:31:35,3.73048
2022-12-22 23:32:05,3.730206
2022-12-22 23:32:35,3.729912
2022-12-22 23:33:05,3.729624
2022-12-22 23:33:35,3.729365
2022-12-22 23:34:05,3.729083
2022-12-22 23:34:35,3.728804
2022-12-22 23:35:05,3.728518
2022-12-22 23:35:36,3.728229
2022-12-22 23:36:06,3.727955
2022-12-22 23:36:36,3.727676
2022-12-22 23:37:06,3.727405
2022-12-22 23:37:36,3.72713
2022-12-22 23:38:06,3.726856
2022-12-22 23:38:36,3.726579
2022-12-22 23:39:06,3.726296
2022-12-22 23:39:37,3.726013
2022-12-22 23:40:07,3.72575
2022-12-22 23:40:37,3.725471
2022-12-22 23:41:07,3.725216
2022-12-22 23:41:37,3.724916
2022-12-22 23:42:07,3.724638
2022-12-22 23:42:37,3.72437
2022-12-22 23:43:07,3.724098
2022-12-22 23:43:38,3.723828
2022-12-22 23:44:08,3.723548
2022-12-22 23:44:38,3.723277
2022-12-22 23:45:08,3.723009
2022-12-22 23:45:38,3.722737
2022-12-22 23:46:08,3.72248
2022-12-22 23:46:38,3.722193
2022-12-22 23:47:08,3.721915
2022-12-22 23:47:39,3.721638
2022-12-22 23:48:09,3.721382
2022-12-22 23:48:39,3.721111
2022-12-22 23:49:09,3.72082
2022-12-22 23:49:39,3.720559
2022-12-22 23:50:09,3.720291
2022-12-22 23:50:39,3.720024
2022-12-22 23:51:10,3.719743
2022-12-22 23:51:40,3.719449
2022-12-22 23:52:10,3.719181
2022-12-22 23:52:40,3.718935
2022-12-22 23:53:10,3.71865
2022-12-22 23:53:40,3.718387
2022-12-22 23:54:10,3.718114
2022-12-22 23:54:40,3.717848
2022-12-22 23:55:11,3.717579
2022-12-22 23:55:41,3.717313
2022-12-22 23:56:11,3.717046
2022-12-22 23:56:41,3.716769
2022-12-22 23:57:11,3.716513
2022-12-22 23:57:41,3.716238
2022-12-22 23:58:11,3.715977
2022-12-22 23:58:41,3.715694
2022-12-22 23:59:12,3.715426
2022-12-22 23:59:42,3.715172
2022-12-23 00:00:12,3.714885
2022-12-23 00:00:42,3.714638
2022-12-23 00:01:12,3.714361
2022-12-23 00:01:42,3.714096
2022-12-23 00:02:12,3.713834
2022-12-23 00:02:42,3.713558
2022-12-23 00:03:13,3.713302
2022-12-23 00:03:43,3.713029
2022-12-23 00:04:13,3.71278
2022-12-23 00:04:43,3.712516
2022-12-23 00:05:13,3.71225
2022-12-23 00:05:43,3.711982
2022-12-23 00:06:13,3.711699
2022-12-23 00:06:43,3.711456
2022-12-23 00:07:14,3.711198
2022-12-23 00:07:44,3.710942
2022-12-23 00:08:14,3.710675
2022-12-23 00:08:44,3.710418
2022-12-23 00:09:14,3.710176
2022-12-23 00:09:44,3.709913
2022-12-23 00:10:14,3.709647
2022-12-23 00:10:45,3.709394
2022-12-23 00:11:15,3.70914
2022-12-23 00:11:45,3.708894
2022-12-23 00:12:15,3.708634
2022-12-23 00:12:45,3.708355
2022-12-23 00:13:15,3.708128
2022-12-23 00:13:45,3.707876
2022-12-23 00:14:15,3.707617
2022-12-23 00:14:46,3.707357
2022-12-23 00:15:16,3.707107
2022-12-23 00:15:46,3.70686
2022-12-23 00:16:16,3.70663
2022-12-23 00:16:46,3.706367
2022-12-23 00:17:16,3.706116
2022-12-23 00:17:46,3.705878
2022-12-23 00:18:16,3.705604
2022-12-23 00:18:47,3.705357
2022-12-23 00:19:17,3.705137
2022-12-23 00:19:47,3.704877
2022-12-23 00:20:17,3.704626
2022-12-23 00:20:47,3.704361
2022-12-23 00:21:17,3.704138
2022-12-23 00:21:47,3.703886
2022-12-23 00:22:18,3.703645
2022-12-23 00:22:48,3.703398
2022-12-23 00:23:18,3.703155
2022-12-23 00:23:48,3.702901
2022-12-23 00:24:18,3.702661
2022-12-23 00:24:48,3.702422
2022-12-23 00:25:18,3.702162
2022-12-23 00:25:48,3.701933
2022-12-23 00:26:19,3.701679
2022-12-23 00:26:49,3.701453
2022-12-23 00:27:19,3.701205
2022-12-23 00:27:49,3.700971
2022-12-23 00:28:19,3.700715
2022-12-23 00:28:49,3.700464
2022-12-23 00:29:19,3.700237
2022-12-23 00:29:49,3.699987
2022-12-23 00:30:20,3.699739
2022-12-23 00:30:50,3.699507
2022-12-23 00:31:20,3.699256
2022-12-23 00:31:50,3.699032
2022-12-23 00:32:20,3.698782
2022-12-23 00:32:50,3.698566
2022-12-23 00:33:20,3.698328
2022-12-23 00:33:51,3.698102
2022-12-23 00:34:21,3.697841
2022-12-23 00:34:51,3.697602
2022-12-23 00:35:21,3.69737
2022-12-23 00:35:51,3.697142
2022-12-23 00:36:21,3.696888
2022-12-23 00:36:51,3.696664
2022-12-23 00:37:21,3.696406
2022-12-23 00:37:52,3.696209
2022-12-23 00:38:22,3.695951
2022-12-23 00:38:52,3.695733
2022-12-23 00:39:22,3.6955
2022-12-23 00:39:52,3.695269
2022-12-23 00:40:22,3.69504
2022-12-23 00:40:52,3.694806
2022-12-23 00:41:22,3.694599
2022-12-23 00:41:53,3.694365
2022-12-23 00:42:23,3.694131
2022-12-23 00:42:53,3.693912
2022-12-23 00:43:23,3.693677
2022-12-23 00:43:53,3.693451
2022-12-23 00:44:23,3.6932
2022-12-23 00:44:53,3.692997
2022-12-23 00:45:23,3.692772
2022-12-23 00:45:54,3.692529
2022-12-23 00:46:24,3.692306
2022-12-23 00:46:54,3.692087
2022-12-23 00:47:24,3.691861
2022-12-23 00:47:54,3.691641
2022-12-23 00:48:24,3.691397
2022-12-23 00:48:54,3.691174
2022-12-23 00:49:25,3.690957
2022-12-23 00:49:55,3.690735
2022-12-23 00:50:25,3.690513
2022-12-23 00:50:55,3.690279
2022-12-23 00:51:25,3.69006
2022-12-23 00:51:55,3.689849
2022-12-23 00:52:25,3.689624
2022-12-23 00:52:55,3.6894
2022-12-23 00:53:26,3.68918
2022-12-23 00:53:56,3.688969
2022-12-23 00:54:26,3.68876
2022-12-23 00:54:56,3.688545
2022-12-23 00:55:26,3.688328
2022-12-23 00:55:56,3.68811
2022-12-23 00:56:26,3.687884
2022-12-23 00:56:56,3.687694
2022-12-23 00:57:27,3.687468
2022-12-23 00:57:57,3.68725
2022-12-23 00:58:27,3.687047
2022-12-23 00:58:57,3.686829
2022-12-23 00:59:27,3.686609
2022-12-23 00:59:57,3.686406
2022-12-23 01:00:27,3.686186
2022-12-23 01:00:57,3.685976
2022-12-23 01:01:28,3.685787
2022-12-23 01:01:58,3.685559
2022-12-23 01:02:28,3.68537
2022-12-23 01:02:58,3.685145
2022-12-23 01:03:28,3.684933
2022-12-23 01:03:58,3.684726
2022-12-23 01:04:28,3.684515
2022-12-23 01:04:59,3.684317
2022-12-23 01:05:29,3.684106
2022-12-23 01:05:59,3.683913
2022-12-23 01:06:29,3.683704
2022-12-23 01:06:59,3.683484
2022-12-23 01:07:29,3.683286
2022-12-23 01:07:59,3.683083
2022-12-23 01:08:29,3.682866
2022-12-23 01:09:00,3.682661
2022-12-23 01:09:30,3.682455
2022-12-23 01:10:00,3.682255
2022-12-23 01:10:30,3.68205
2022-12-23 01:11:00,3.681853
2022-12-23 01:11:30,3.681669
2022-12-23 01:12:00,3.681453
2022-12-23 01:12:30,3.681276
2022-12-23 01:13:01,3.681066
2022-12-23 01:13:31,3.680867
2022-12-23 01:14:01,3.680674
2022-12-23 01:14:31,3.68047
2022-12-23 01:15:01,3.680274
2022-12-23 01:15:31,3.68007
2022-12-23 01:16:01,3.67987
2022-12-23 01:16:32,3.67968
2022-12-23 01:17:02,3.679482
2022-12-23 01:17:32,3.679287
2022-12-23 01:18:02,3.679077
2022-12-23 01:18:32,3.678873
2022-12-23 01:19:02,3.67868
2022-12-23 01:19:32,3.678483
2022-12-23 01:20:02,3.678289
2022-12-23 01:20:33,3.67808
2022-12-23 01:21:03,3.67792
2022-12-23 01:21:33,3.677718
2022-12-23 01:22:03,3.67751
2022-12-23 01:22:33,3.677323
2022-12-23 01:23:03,3.677119
2022-12-23 01:23:33,3.676941
2022-12-23 01:24:03,3.676748
2022-12-23 01:24:34,3.676556
2022-12-23 01:25:04,3.676367
2022-12-23 01:25:34,3.676167
2022-12-23 01:26:04,3.67598
2022-12-23 01:26:34,3.675791
2022-12-23 01:27:04,3.675603
2022-12-23 01:27:34,3.6754
2022-12-23 01:28:04,3.675205
2022-12-23 01:28:35,3.675027
2022-12-23 01:29:05,3.674816
2022-12-23 01:29:35,3.67464
2022-12-23 01:30:05,3.674458
2022-12-23 01:30:35,3.674275
2022-12-23 01:31:05,3.674088
2022-12-23 01:31:35,3.673891
2022-12-23 01:32:05,3.673705
2022-12-23 01:32:36,3.673517
2022-12-23 01:33:06,3.673341
2022-12-23 01:33:36,3.673156
2022-12-23 01:34:06,3.672976
2022-12-23 01:34:36,3.672793
2022-12-23 01:35:06,3.672612
2022-12-23 01:35:36,3.672417
2022-12-23 01:36:06,3.672244
2022-12-23 01:36:37,3.67206
2022-12-23 01:37:07,3.671864
2022-12-23 01:37:37,3.671689
2022-12-23 01:38:07,3.671507
2022-12-23 01:38:37,3.671328
2022-12-23 01:39:07,3.671132
2022-12-23 01:39:37,3.670953
2022-12-23 01:40:07,3.670785
2022-12-23 01:40:38,3.670604
2022-12-23 01:41:08,3.670427
2022-12-23 01:41:38,3.670239
2022-12-23 01:42:08,3.670048
2022-12-23 01:42:38,3.669885
2022-12-23 01:43:08,3.669696
2022-12-23 01:43:38,3.669513
2022-12-23 01:44:08,3.669334
2022-12-23 01:44:39,3.66917
2022-12-23 01:45:09,3.66898
2022-12-23 01:45:39,3.668812
2022-12-23 01:46:09,3.668624
2022-12-23 01:46:39,3.668456
2022-12-23 01:47:09,3.668258
2022-12-23 01:47:39,3.668085
2022-12-23 01:48:09,3.667909
2022-12-23 01:48:40,3.667749
2022-12-23 01:49:10,3.667565
2022-12-23 01:49:40,3.6674
2022-12-23 01:50:10,3.667218
2022-12-23 01:50:40,3.667054
2022-12-23 01:51:10,3.666882
2022-12-23 01:51:40,3.666701
2022-12-23 01:52:10,3.66652
2022-12-23 01:52:41,3.666358
2022-12-23 01:53:11,3.666186
2022-12-23 01:53:41,3.666009
2022-12-23 01:54:11,3.665823
2022-12-23 01:54:41,3.66566
2022-12-23 01:55:11,3.665477
2022-12-23 01:55:41,3.665315
2022-12-23 01:56:12,3.665146
2022-12-23 01:56:42,3.664978
2022-12-23 01:57:12,3.664786
2022-12-23 01:57:42,3.664639
2022-12-23 01:58:12,3.664479
2022-12-23 01:58:42,3.664304
2022-12-23 01:59:12,3.664128
2022-12-23 01:59:42,3.663954
2022-12-23 02:00:13,3.663793
2022-12-23 02:00:43,3.663639
2022-12-23 02:01:13,3.663446
2022-12-23 02:01:43,3.663312
2022-12-23 02:02:13,3.66313
2022-12-23 02:02:43,3.662959
2022-12-23 02:03:13,3.662784
2022-12-23 02:03:43,3.662627
2022-12-23 02:04:14,3.662459
2022-12-23 02:04:44,3.662301
2022-12-23 02:05:14,3.662143
2022-12-23 02:05:44,3.661975
2022-12-23 02:06:14,3.661804
2022-12-23 02:06:44,3.661658
2022-12-23 02:07:14,3.661481
2022-12-23 02:07:44,3.661322
2022-12-23 02:08:15,3.66116
2022-12-23 02:08:45,3.660993
2022-12-23 02:09:15,3.660849
2022-12-23 02:09:45,3.660666
2022-12-23 02:10:15,3.660508
2022-12-23 02:10:45,3.660335
2022-12-23 02:11:15,3.660168
2022-12-23 02:11:45,3.66002
2022-12-23 02:12:16,3.65985
2022-12-23 02:12:46,3.659687
2022-12-23 02:13:16,3.65952
2022-12-23 02:13:46,3.659352
2022-12-23 02:14:16,3.659186
2022-12-23 02:14:46,3.659008
2022-12-23 02:15:16,3.658845
2022-12-23 02:15:46,3.658685
2022-12-23 02:16:17,3.65853
2022-12-23 02:16:47,3.658362
2022-12-23 02:17:17,3.65821
2022-12-23 02:17:47,3.658033
2022-12-23 02:18:17,3.657896
2022-12-23 02:18:47,3.657742
2022-12-23 02:19:17,3.657594
2022-12-23 02:19:47,3.657416
2022-12-23 02:20:18,3.657257
2022-12-23 02:20:48,3.657105
2022-12-23 02:21:18,3.656962
2022-12-23 02:21:48,3.656821
2022-12-23 02:22:18,3.656655
2022-12-23 02:22:48,3.656487
2022-12-23 02:23:18,3.656343
2022-12-23 02:23:49,3.656203
2022-12-23 02:24:19,3.656039
2022-12-23 02:24:49,3.655873
2022-12-23 02:25:19,3.655728
2022-12-23 02:25:49,3.655562
2022-12-23 02:26:19,3.655406
2022-12-23 02:26:49,3.655251
2022-12-23 02:27:19,3.655095
2022-12-23 02:27:50,3.654969
2022-12-23 02:28:20,3.654787
2022-12-23 02:28:50,3.654632
2022-12-23 02:29:20,3.654481
2022-12-23 02:29:50,3.654334
2022-12-23 02:30:20,3.654186
2022-12-23 02:30:50,3.654009
2022-12-23 02:31:20,3.653869
2022-12-23 02:31:51,3.653716
2022-12-23 02:32:21,3.653564
2022-12-23 02:32:51,3.653412
2022-12-23 02:33:21,3.653258
2022-12-23 02:33:51,3.653107
2022-12-23 02:34:21,3.652949
2022-12-23 02:34:51,3.652813
2022-12-23 02:35:21,3.652652
2022-12-23 02:35:52,3.652509
2022-12-23 02:36:22,3.652358
2022-12-23 02:36:52,3.652209
2022-12-23 02:37:22,3.652056
2022-12-23 02:37:52,3.651918
2022-12-23 02:38:22,3.651758
2022-12-23 02:38:52,3.651602
2022-12-23 02:39:22,3.651453
2022-12-23 02:39:53,3.65129
2022-12-23 02:40:23,3.65116
2022-12-23 02:40:53,3.651003
2022-12-23 02:41:23,3.650846
2022-12-23 02:41:53,3.650702
2022-12-23 02:42:23,3.650559
2022-12-23 02:42:53,3.650397
2022-12-23 02:43:23,3.650263
2022-12-23 02:43:54,3.650125
2022-12-23 02:44:24,3.649967
2022-12-23 02:44:54,3.64982
2022-12-23 02:45:24,3.649693
2022-12-23 02:45:54,3.649537
2022-12-23 02:46:24,3.649381
2022-12-23 02:46:54,3.649235
2022-12-23 02:47:25,3.649095
2022-12-23 02:47:55,3.64896
2022-12-23 02:48:25,3.64879
2022-12-23 02:48:55,3.648649
2022-12-23 02:49:25,3.648484
2022-12-23 02:49:55,3.64835
2022-12-23 02:50:25,3.648196
2022-12-23 02:50:55,3.648048
2022-12-23 02:51:26,3.647916
2022-12-23 02:51:56,3.64776
2022-12-23 02:52:26,3.647619
2022-12-23 02:52:56,3.647483
2022-12-23 02:53:26,3.647346
2022-12-23 02:53:56,3.647176
2022-12-23 02:54:26,3.647063
2022-12-23 02:54:56,3.646912
2022-12-23 02:55:27,3.646778
2022-12-23 02:55:57,3.646637
2022-12-23 02:56:27,3.646488
2022-12-23 02:56:57,3.646359
2022-12-23 02:57:27,3.646199
2022-12-23 02:57:57,3.646059
2022-12-23 02:58:27,3.645909
2022-12-23 02:58:57,3.645779
2022-12-23 02:59:28,3.645629
2022-12-23 02:59:58,3.64549
2022-12-23 03:00:28,3.645348
2022-12-23 03:00:58,3.645197
2022-12-23 03:01:28,3.645068
2022-12-23 03:01:58,3.644914
2022-12-23 03:02:28,3.644772
2022-12-23 03:02:58,3.644634
2022-12-23 03:03:29,3.644498
2022-12-23 03:03:59,3.644359
2022-12-23 03:04:29,3.644237
2022-12-23 03:04:59,3.64408
2022-12-23 03:05:29,3.643951
2022-12-23 03:05:59,3.643821
2022-12-23 03:06:29,3.643668
2022-12-23 03:06:59,3.643524
2022-12-23 03:07:30,3.643377
2022-12-23 03:08:00,3.643244
2022-12-23 03:08:30,3.643109
2022-12-23 03:09:00,3.64297
2022-12-23 03:09:30,3.64284
2022-12-23 03:10:00,3.642693
2022-12-23 03:10:30,3.642558
2022-12-23 03:11:00,3.642399
2022-12-23 03:11:31,3.642258
2022-12-23 03:12:01,3.642129
2022-12-23 03:12:31,3.641993
2022-12-23 03:13:01,3.641842
2022-12-23 03:13:31,3.641726
2022-12-23 03:14:01,3.641589
2022-12-23 03:14:31,3.641443
2022-12-23 03:15:01,3.641299
2022-12-23 03:15:32,3.641167
2022-12-23 03:16:02,3.64103
2022-12-23 03:16:32,3.640888
2022-12-23 03:17:02,3.640762
2022-12-23 03:17:32,3.640628
2022-12-23 03:18:02,3.640497
2022-12-23 03:18:32,3.640354
2022-12-23 03:19:02,3.640214
2022-12-23 03:19:33,3.640077
2022-12-23 03:20:03,3.639951
2022-12-23 03:20:33,3.639798
2022-12-23 03:21:03,3.639685
2022-12-23 03:21:33,3.639555
2022-12-23 03:22:03,3.63942
2022-12-23 03:22:33,3.639302
2022-12-23 03:23:03,3.639144
2022-12-23 03:23:34,3.63901
2022-12-23 03:24:04,3.638877
2022-12-23 03:24:34,3.638763
2022-12-23 03:25:04,3.638601
2022-12-23 03:25:34,3.638477
2022-12-23 03:26:04,3.638345
2022-12-23 03:26:34,3.638204
2022-12-23 03:27:05,3.638072
2022-12-23 03:27:35,3.637935
2022-12-23 03:28:05,3.637788
2022-12-23 03:28:35,3.637651
2022-12-23 03:29:05,3.637535
2022-12-23 03:29:35,3.637403
2022-12-23 03:30:05,3.637285
2022-12-23 03:30:35,3.63714
2022-12-23 03:31:06,3.636998
2022-12-23 03:31:36,3.636869
2022-12-23 03:32:06,3.636734
2022-12-23 03:32:36,3.636596
2022-12-23 03:33:06,3.636455
2022-12-23 03:33:36,3.636323
2022-12-23 03:34:06,3.6362
2022-12-23 03:34:36,3.636072
2022-12-23 03:35:07,3.635919
2022-12-23 03:35:37,3.635777
2022-12-23 03:36:07,3.63565
2022-12-23 03:36:37,3.635523
2022-12-23 03:37:07,3.635396
2022-12-23 03:37:37,3.635263
2022-12-23 03:38:07,3.635139
2022-12-23 03:38:37,3.635016
2022-12-23 03:39:08,3.634873
2022-12-23 03:39:38,3.634731
2022-12-23 03:40:08,3.634607
2022-12-23 03:40:38,3.634482
2022-12-23 03:41:08,3.634353
2022-12-23 03:41:38,3.634215
2022-12-23 03:42:08,3.634087
2022-12-23 03:42:39,3.633962
2022-12-23 03:43:09,3.633838
2022-12-23 03:43:39,3.63369
2022-12-23 03:44:09,3.63358
2022-12-23 03:44:39,3.633459
2022-12-23 03:45:09,3.633327
2022-12-23 03:45:39,3.633194
2022-12-23 03:46:09,3.633052
2022-12-23 03:46:40,3.632925
2022-12-23 03:47:10,3.632788
2022-12-23 03:47:40,3.632658
2022-12-23 03:48:10,3.63252
2022-12-23 03:48:40,3.632407
2022-12-23 03:49:10,3.632283
2022-12-23 03:49:40,3.632141
2022-12-23 03:50:10,3.632027
2022-12-23 03:50:41,3.631903
2022-12-23 03:51:11,3.631763
2022-12-23 03:51:41,3.631639
2022-12-23 03:52:11,3.631515
2022-12-23 03:52:41,3.631385
2022-12-23 03:53:11,3.631236
2022-12-23 03:53:41,3.631117
2022-12-23 03:54:11,3.631001
2022-12-23 03:54:42,3.630863
2022-12-23 03:55:12,3.630725
2022-12-23 03:55:42,3.630604
2022-12-23 03:56:12,3.63049
2022-12-23 03:56:42,3.630338
2022-12-23 03:57:12,3.630205
2022-12-23 03:57:42,3.630081
2022-12-23 03:58:12,3.629953
2022-12-23 03:58:43,3.62983
2022-12-23 03:59:13,3.6297
2022-12-23 03:59:43,3.629572
2022-12-23 04:00:13,3.629451
2022-12-23 04:00:43,3.629307
2022-12-23 04:01:13,3.629198
2022-12-23 04:01:43,3.629074
2022-12-23 04:02:13,3.628948
2022-12-23 04:02:44,3.628804
2022-12-23 04:03:14,3.628658
2022-12-23 04:03:44,3.628532
2022-12-23 04:04:14,3.628407
2022-12-23 04:04:44,3.628273
2022-12-23 04:05:14,3.628148
2022-12-23 04:05:44,3.628026
2022-12-23 04:06:14,3.627902
2022-12-23 04:06:45,3.627773
2022-12-23 04:07:15,3.627636
2022-12-23 04:07:45,3.627505
2022-12-23 04:08:15,3.627377
2022-12-23 04:08:45,3.627257
2022-12-23 04:09:15,3.627115
2022-12-23 04:09:45,3.626985
2022-12-23 04:10:16,3.626865
2022-12-23 04:10:46,3.62675
2022-12-23 04:11:16,3.626593
2022-12-23 04:11:46,3.626477
2022-12-23 04:12:16,3.62637
2022-12-23 04:12:46,3.626241
2022-12-23 04:13:16,3.626115
2022-12-23 04:13:46,3.625982
2022-12-23 04:14:17,3.625848
2022-12-23 04:14:47,3.625726
2022-12-23 04:15:17,3.625603
2022-12-23 04:15:47,3.625476
2022-12-23 04:16:17,3.625349
2022-12-23 04:16:47,3.625222
2022-12-23 04:17:17,3.625083
2022-12-23 04:17:47,3.624946
2022-12-23 04:18:18,3.624837
2022-12-23 04:18:48,3.6247
2022-12-23 04:19:18,3.624571
2022-12-23 04:19:48,3.624456
2022-12-23 04:20:18,3.624315
2022-12-23 04:20:48,3.624187
2022-12-23 04:21:18,3.624063
2022-12-23 04:21:48,3.623933
2022-12-23 04:22:19,3.623812
2022-12-23 04:22:49,3.623672
2022-12-23 04:23:19,3.623553
2022-12-23 04:23:49,3.62344
2022-12-23 04:24:19,3.623301
2022-12-23 04:24:49,3.623172
2022-12-23 04:25:19,3.623054
2022-12-23 04:25:49,3.622918
2022-12-23 04:26:20,3.6228
2022-12-23 04:26:50,3.622669
2022-12-23 04:27:20,3.622547
2022-12-23 04:27:50,3.622425
2022-12-23 04:28:20,3.622288
2022-12-23 04:28:50,3.62216
2022-12-23 04:29:20,3.622039
2022-12-23 04:29:50,3.6219
2022-12-23 04:30:21,3.62179
2022-12-23 04:30:51,3.621656
2022-12-23 04:31:21,3.621523
2022-12-23 04:31:51,3.621401
2022-12-23 04:32:21,3.621285
2022-12-23 04:32:51,3.621148
2022-12-23 04:33:21,3.621036
2022-12-23 04:33:51,3.620901
2022-12-23 04:34:22,3.62078
2022-12-23 04:34:52,3.620651
2022-12-23 04:35:22,3.620542
2022-12-23 04:35:52,3.620409
2022-12-23 04:36:22,3.620278
2022-12-23 04:36:52,3.620169
2022-12-23 04:37:22,3.620016
2022-12-23 04:37:52,3.619889
2022-12-23 04:38:23,3.619761
2022-12-23 04:38:53,3.619627
2022-12-23 04:39:23,3.619522
2022-12-23 04:39:53,3.619387
2022-12-23 04:40:23,3.619252
2022-12-23 04:40:53,3.61914
2022-12-23 04:41:23,3.619006
2022-12-23 04:41:53,3.618876
2022-12-23 04:42:24,3.618749
2022-12-23 04:42:54,3.618627
2022-12-23 04:43:24,3.61849
2022-12-23 04:43:54,3.618379
2022-12-23 04:44:24,3.618232
2022-12-23 04:44:54,3.618115
2022-12-23 04:45:24,3.617978
2022-12-23 04:45:54,3.617837
2022-12-23 04:46:25,3.617722
2022-12-23 04:46:55,3.617586
2022-12-23 04:47:25,3.617456
2022-12-23 04:47:55,3.617325
2022-12-23 04:48:25,3.617199
2022-12-23 04:48:55,3.617073
2022-12-23 04:49:25,3.616924
2022-12-23 04:49:55,3.616814
2022-12-23 04:50:26,3.616678
2022-12-23 04:50:56,3.616549
2022-12-23 04:51:26,3.616424
2022-12-23 04:51:56,3.616274
2022-12-23 04:52:26,3.616148
2022-12-23 04:52:56,3.616043
2022-12-23 04:53:26,3.615888
2022-12-23 04:53:56,3.615755
2022-12-23 04:54:27,3.615631
2022-12-23 04:54:57,3.615512
2022-12-23 04:55:27,3.615394
2022-12-23 04:55:57,3.615263
2022-12-23 04:56:27,3.615124
2022-12-23 04:56:57,3.614986
2022-12-23 04:57:27,3.614862
2022-12-23 04:57:58,3.614735
2022-12-23 04:58:28,3.614604
2022-12-23 04:58:58,3.614488
2022-12-23 04:59:28,3.614353
2022-12-23 04:59:58,3.614223
2022-12-23 05:00:28,3.6141
2022-12-23 05:00:58,3.613973
2022-12-23 05:01:28,3.61383
2022-12-23 05:01:59,3.613703
2022-12-23 05:02:29,3.613574
2022-12-23 05:02:59,3.613461
2022-12-23 05:03:29,3.613322
2022-12-23 05:03:59,3.6132
2022-12-23 05:04:29,3.613051
2022-12-23 05:04:59,3.612947
2022-12-23 05:05:29,3.612813
2022-12-23 05:06:00,3.612682
2022-12-23 05:06:30,3.612549
2022-12-23 05:07:00,3.612425
2022-12-23 05:07:30,3.612303
2022-12-23 05:08:00,3.612166
2022-12-23 05:08:30,3.612025
2022-12-23 05:09:00,3.611897
2022-12-23 05:09:30,3.611772
2022-12-23 05:10:01,3.611638
2022-12-23 05:10:31,3.611513
2022-12-23 05:11:01,3.611377
2022-12-23 05:11:31,3.611241
2022-12-23 05:12:01,3.611115
2022-12-23 05:12:31,3.61099
2022-12-23 05:13:01,3.610848
2022-12-23 05:13:31,3.610731
2022-12-23 05:14:02,3.6106
2022-12-23 05:14:32,3.610463
2022-12-23 05:15:02,3.610327
2022-12-23 05:15:32,3.610205
2022-12-23 05:16:02,3.610065
2022-12-23 05:16:32,3.609931
2022-12-23 05:17:02,3.609799
2022-12-23 05:17:32,3.609672
2022-12-23 05:18:03,3.609537
2022-12-23 05:18:33,3.609396
2022-12-23 05:19:03,3.60926
2022-12-23 05:19:33,3.609125
2022-12-23 05:20:03,3.609
2022-12-23 05:20:33,3.608856
2022-12-23 05:21:03,3.608721
2022-12-23 05:21:34,3.608572
2022-12-23 05:22:04,3.60845
2022-12-23 05:22:34,3.60832
2022-12-23 05:23:04,3.608181
2022-12-23 05:23:34,3.608032
2022-12-23 05:24:04,3.607904
2022-12-23 05:24:34,3.607776
2022-12-23 05:25:04,3.607631
2022-12-23 05:25:35,3.607501
2022-12-23 05:26:05,3.607369
2022-12-23 05:26:35,3.607236
2022-12-23 05:27:05,3.607097
2022-12-23 05:27:35,3.606962
2022-12-23 05:28:05,3.606822
2022-12-23 05:28:35,3.606692
2022-12-23 05:29:05,3.606546
2022-12-23 05:29:36,3.606424
2022-12-23 05:30:06,3.606287
2022-12-23 05:30:36,3.606134
2022-12-23 05:31:06,3.606015
2022-12-23 05:31:36,3.605891
2022-12-23 05:32:06,3.605719
2022-12-23 05:32:36,3.605599
2022-12-23 05:33:06,3.605453
2022-12-23 05:33:37,3.605328
2022-12-23 05:34:07,3.605198
2022-12-23 05:34:37,3.605058
2022-12-23 05:35:07,3.604916
2022-12-23 05:35:37,3.604786
2022-12-23 05:36:07,3.604642
2022-12-23 05:36:37,3.604493
2022-12-23 05:37:07,3.604351
2022-12-23 05:37:38,3.604217
2022-12-23 05:38:08,3.604074
2022-12-23 05:38:38,3.60394
2022-12-23 05:39:08,3.603782
2022-12-23 05:39:38,3.603648
2022-12-23 05:40:08,3.603487
2022-12-23 05:40:38,3.603356
2022-12-23 05:41:09,3.603224
2022-12-23 05:41:39,3.60307
2022-12-23 05:42:09,3.602922
2022-12-23 05:42:39,3.602794
2022-12-23 05:43:09,3.602647
2022-12-23 05:43:39,3.602508
2022-12-23 05:44:09,3.602355
2022-12-23 05:44:39,3.602217
2022-12-23 05:45:10,3.602091
2022-12-23 05:45:40,3.601958
2022-12-23 05:46:10,3.601816
2022-12-23 05:46:40,3.601659
2022-12-23 05:47:10,3.601505
2022-12-23 05:47:40,3.601373
2022-12-23 05:48:10,3.601233
2022-12-23 05:48:40,3.601092
2022-12-23 05:49:11,3.600946
2022-12-23 05:49:41,3.600802
2022-12-23 05:50:11,3.600651
2022-12-23 05:50:41,3.600505
2022-12-23 05:51:11,3.600371
2022-12-23 05:51:41,3.600229
2022-12-23 05:52:11,3.600067
2022-12-23 05:52:41,3.599923
2022-12-23 05:53:12,3.599778
2022-12-23 05:53:42,3.599632
2022-12-23 05:54:12,3.599477
2022-12-23 05:54:42,3.599351
2022-12-23 05:55:12,3.599184
2022-12-23 05:55:42,3.599053
2022-12-23 05:56:12,3.598905
2022-12-23 05:56:43,3.598739
2022-12-23 05:57:13,3.598603
2022-12-23 05:57:43,3.598453
2022-12-23 05:58:13,3.598294
2022-12-23 05:58:43,3.598156
2022-12-23 05:59:13,3.598023
2022-12-23 05:59:43,3.597863
2022-12-23 06:00:13,3.597715
2022-12-23 06:00:44,3.597559
2022-12-23 06:01:14,3.597411
2022-12-23 06:01:44,3.597263
2022-12-23 06:02:14,3.597109
2022-12-23 06:02:44,3.596961
2022-12-23 06:03:14,3.596794
2022-12-23 06:03:44,3.596656
2022-12-23 06:04:15,3.596514
2022-12-23 06:04:45,3.596369
2022-12-23 06:05:15,3.59621
2022-12-23 06:05:45,3.596051
2022-12-23 06:06:15,3.595912
2022-12-23 06:06:45,3.595755
2022-12-23 06:07:15,3.595587
2022-12-23 06:07:45,3.595443
2022-12-23 06:08:16,3.59529
2022-12-23 06:08:46,3.595145
2022-12-23 06:09:16,3.594992
2022-12-23 06:09:46,3.594828
2022-12-23 06:10:16,3.594674
2022-12-23 06:10:46,3.594519
2022-12-23 06:11:16,3.594363
2022-12-23 06:11:46,3.594204
2022-12-23 06:12:17,3.594053
2022-12-23 06:12:47,3.59389
2022-12-23 06:13:17,3.593755
2022-12-23 06:13:47,3.593594
2022-12-23 06:14:17,3.593441
2022-12-23 06:14:47,3.593268
2022-12-23 06:15:17,3.59311
2022-12-23 06:15:48,3.59295
2022-12-23 06:16:18,3.592795
2022-12-23 06:16:48,3.592634
2022-12-23 06:17:18,3.592481
2022-12-23 06:17:48,3.592323
2022-12-23 06:18:18,3.592179
2022-12-23 06:18:48,3.59201
2022-12-23 06:19:18,3.591857
2022-12-23 06:19:49,3.591695
2022-12-23 06:20:19,3.591526
2022-12-23 06:20:49,3.591366
2022-12-23 06:21:19,3.591227
2022-12-23 06:21:49,3.591066
2022-12-23 06:22:19,3.59089
2022-12-23 06:22:49,3.59074
2022-12-23 06:23:19,3.590586
2022-12-23 06:23:50,3.590426
2022-12-23 06:24:20,3.590271
2022-12-23 06:24:50,3.590096
2022-12-23 06:25:20,3.58995
2022-12-23 06:25:50,3.589791
2022-12-23 06:26:20,3.589611
2022-12-23 06:26:50,3.589447
2022-12-23 06:27:20,3.589279
2022-12-23 06:27:51,3.589113
2022-12-23 06:28:21,3.588961
2022-12-23 06:28:51,3.588793
2022-12-23 06:29:21,3.588634
2022-12-23 06:29:51,3.588464
2022-12-23 06:30:21,3.588311
2022-12-23 06:30:51,3.588132
2022-12-23 06:31:21,3.587989
2022-12-23 06:31:52,3.58782
2022-12-23 06:32:22,3.587656
2022-12-23 06:32:52,3.587475
2022-12-23 06:33:22,3.587302
2022-12-23 06:33:52,3.587152
2022-12-23 06:34:22,3.586986
2022-12-23 06:34:52,3.5868
2022-12-23 06:35:22,3.586649
2022-12-23 06:35:53,3.586492
2022-12-23 06:36:23,3.586318
2022-12-23 06:36:53,3.586134
2022-12-23 06:37:23,3.58598
2022-12-23 06:37:53,3.585814
2022-12-23 06:38:23,3.585647
2022-12-23 06:38:53,3.585483
2022-12-23 06:39:23,3.585312
2022-12-23 06:39:54,3.585146
2022-12-23 06:40:24,3.584959
2022-12-23 06:40:54,3.584804
2022-12-23 06:41:24,3.584627
2022-12-23 06:41:54,3.584469
2022-12-23 06:42:24,3.584283
2022-12-23 06:42:54,3.584114
2022-12-23 06:43:25,3.58395
2022-12-23 06:43:55,3.583812
2022-12-23 06:44:25,3.583611
2022-12-23 06:44:55,3.583437
2022-12-23 06:45:25,3.583263
2022-12-23 06:45:55,3.583089
2022-12-23 06:46:25,3.582925
2022-12-23 06:46:55,3.582765
2022-12-23 06:47:26,3.582573
2022-12-23 06:47:56,3.582407
2022-12-23 06:48:26,3.582224
2022-12-23 06:48:56,3.582063
2022-12-23 06:49:26,3.581886
2022-12-23 06:49:56,3.581705
2022-12-23 06:50:26,3.581535
2022-12-23 06:50:56,3.58134
2022-12-23 06:51:27,3.581182
2022-12-23 06:51:57,3.581005
2022-12-23 06:52:27,3.58084
2022-12-23 06:52:57,3.580644
2022-12-23 06:53:27,3.580469
2022-12-23 06:53:57,3.580316
2022-12-23 06:54:27,3.580129
2022-12-23 06:54:57,3.579951
2022-12-23 06:55:28,3.579782
2022-12-23 06:55:58,3.579605
2022-12-23 06:56:28,3.579403
2022-12-23 06:56:58,3.579235
2022-12-23 06:57:28,3.579076
2022-12-23 06:57:58,3.578876
2022-12-23 06:58:28,3.578697
2022-12-23 06:58:58,3.578523
2022-12-23 06:59:29,3.578345
2022-12-23 06:59:59,3.578153
2022-12-23 07:00:29,3.577982
2022-12-23 07:00:59,3.577806
2022-12-23 07:01:29,3.577615
2022-12-23 07:01:59,3.577438
2022-12-23 07:02:29,3.577264
2022-12-23 07:02:59,3.577089
2022-12-23 07:03:30,3.576883
2022-12-23 07:04:00,3.576705
2022-12-23 07:04:30,3.576529
2022-12-23 07:05:00,3.57635
2022-12-23 07:05:30,3.576179
2022-12-23 07:06:00,3.57597
2022-12-23 07:06:30,3.575786
2022-12-23 07:07:00,3.575604
2022-12-23 07:07:31,3.575424
2022-12-23 07:08:01,3.575228
2022-12-23 07:08:31,3.575057
2022-12-23 07:09:01,3.574854
2022-12-23 07:09:31,3.574678
2022-12-23 07:10:01,3.574486
2022-12-23 07:10:31,3.574317
2022-12-23 07:11:01,3.57412
2022-12-23 07:11:32,3.573948
2022-12-23 07:12:02,3.573751
2022-12-23 07:12:32,3.573559
2022-12-23 07:13:02,3.573368
2022-12-23 07:13:32,3.573184
2022-12-23 07:14:02,3.573002
2022-12-23 07:14:32,3.572807
2022-12-23 07:15:02,3.572615
2022-12-23 07:15:33,3.572425
2022-12-23 07:16:03,3.572229
2022-12-23 07:16:33,3.572047
2022-12-23 07:17:03,3.571854
2022-12-23 07:17:33,3.571651
2022-12-23 07:18:03,3.571469
2022-12-23 07:18:33,3.571268
2022-12-23 07:19:03,3.571104
2022-12-23 07:19:34,3.570894
2022-12-23 07:20:04,3.57072
2022-12-23 07:20:34,3.570506
2022-12-23 07:21:04,3.570323
2022-12-23 07:21:34,3.570135
2022-12-23 07:22:04,3.56992
2022-12-23 07:22:34,3.569732
2022-12-23 07:23:04,3.56954
2022-12-23 07:23:35,3.569349
2022-12-23 07:24:05,3.56914
2022-12-23 07:24:35,3.568938
2022-12-23 07:25:05,3.568757
2022-12-23 07:25:35,3.56855
2022-12-23 07:26:05,3.568372
2022-12-23 07:26:35,3.568172
2022-12-23 07:27:05,3.567958
2022-12-23 07:27:36,3.567754
2022-12-23 07:28:06,3.567563
2022-12-23 07:28:36,3.567372
2022-12-23 07:29:06,3.567176
2022-12-23 07:29:36,3.566969
2022-12-23 07:30:06,3.566779
2022-12-23 07:30:36,3.566582
2022-12-23 07:31:06,3.566356
2022-12-23 07:31:37,3.566158
2022-12-23 07:32:07,3.565965
2022-12-23 07:32:37,3.565758
2022-12-23 07:33:07,3.56556
2022-12-23 07:33:37,3.565348
2022-12-23 07:34:07,3.565149
2022-12-23 07:34:37,3.564941
2022-12-23 07:35:07,3.564735
2022-12-23 07:35:38,3.564537
2022-12-23 07:36:08,3.564334
2022-12-23 07:36:38,3.564128
2022-12-23 07:37:08,3.56392
2022-12-23 07:37:38,3.563699
2022-12-23 07:38:08,3.563488
2022-12-23 07:38:38,3.563293
2022-12-23 07:39:08,3.563089
2022-12-23 07:39:39,3.56288
2022-12-23 07:40:09,3.562657
2022-12-23 07:40:39,3.562476
2022-12-23 07:41:09,3.562245
2022-12-23 07:41:39,3.562051
2022-12-23 07:42:09,3.561819
2022-12-23 07:42:39,3.561608
2022-12-23 07:43:09,3.561389
2022-12-23 07:43:40,3.561189
2022-12-23 07:44:10,3.560976
2022-12-23 07:44:40,3.5602
2022-12-23 07:45:10,3.560536
2022-12-23 07:45:40,3.560307
2022-12-23 07:46:10,3.560098
2022-12-23 07:46:40,3.559888
2022-12-23 07:47:10,3.559675
2022-12-23 07:47:41,3.559455
2022-12-23 07:48:11,3.559246
2022-12-23 07:48:41,3.55904
2022-12-23 07:49:11,3.558806
2022-12-23 07:49:41,3.558591
2022-12-23 07:50:11,3.558381
2022-12-23 07:50:41,3.558153
2022-12-23 07:51:11,3.557932
2022-12-23 07:51:42,3.557716
2022-12-23 07:52:12,3.557493
2022-12-23 07:52:42,3.557275
2022-12-23 07:53:12,3.557052
2022-12-23 07:53:42,3.556819
2022-12-23 07:54:12,3.556599
2022-12-23 07:54:42,3.556374
2022-12-23 07:55:12,3.556162
2022-12-23 07:55:43,3.555926
2022-12-23 07:56:13,3.555708
2022-12-23 07:56:43,3.555478
2022-12-23 07:57:13,3.55524
2022-12-23 07:57:43,3.555026
2022-12-23 07:58:13,3.554797
2022-12-23 07:58:43,3.554568
2022-12-23 07:59:13,3.554361
2022-12-23 07:59:44,3.55412
2022-12-23 08:00:14,3.553891
2022-12-23 08:00:44,3.55366
2022-12-23 08:01:14,3.553421
2022-12-23 08:01:44,3.553211
2022-12-23 08:02:14,3.552971
2022-12-23 08:02:44,3.55274
2022-12-23 08:03:14,3.552487
2022-12-23 08:03:45,3.552273
2022-12-23 08:04:15,3.552036
2022-12-23 08:04:45,3.551816
2022-12-23 08:05:15,3.551582
2022-12-23 08:05:45,3.551344
2022-12-23 08:06:15,3.551111
2022-12-23 08:06:45,3.550869
2022-12-23 08:07:15,3.550623
2022-12-23 08:07:46,3.550378
2022-12-23 08:08:16,3.550154
2022-12-23 08:08:46,3.549898
2022-12-23 08:09:16,3.549668
2022-12-23 08:09:46,3.549423
2022-12-23 08:10:16,3.54919
2022-12-23 08:10:46,3.548948
2022-12-23 08:11:16,3.548684
2022-12-23 08:11:47,3.54845
2022-12-23 08:12:17,3.548192
2022-12-23 08:12:47,3.547969
2022-12-23 08:13:17,3.5477
2022-12-23 08:13:47,3.54746
2022-12-23 08:14:17,3.547211
2022-12-23 08:14:47,3.546984
2022-12-23 08:15:17,3.546709
2022-12-23 08:15:48,3.54645
2022-12-23 08:16:18,3.546222
2022-12-23 08:16:48,3.54598
2022-12-23 08:17:18,3.545725
2022-12-23 08:17:48,3.545455
2022-12-23 08:18:18,3.545187
2022-12-23 08:18:48,3.544945
2022-12-23 08:19:18,3.544689
2022-12-23 08:19:49,3.544427
2022-12-23 08:20:19,3.544161
2022-12-23 08:20:49,3.543905
2022-12-23 08:21:19,3.543658
2022-12-23 08:21:49,3.543387
2022-12-23 08:22:19,3.543116
2022-12-23 08:22:49,3.54285
2022-12-23 08:23:19,3.542588
2022-12-23 08:23:50,3.542323
2022-12-23 08:24:20,3.542057
2022-12-23 08:24:50,3.541781
2022-12-23 08:25:20,3.541538
2022-12-23 08:25:50,3.541274
2022-12-23 08:26:20,3.54098
2022-12-23 08:26:50,3.540706
2022-12-23 08:27:20,3.540466
2022-12-23 08:27:51,3.540183
2022-12-23 08:28:21,3.539927
2022-12-23 08:28:51,3.539631
2022-12-23 08:29:21,3.539365
2022-12-23 08:29:51,3.539085
2022-12-23 08:30:21,3.538803
2022-12-23 08:30:51,3.53853
2022-12-23 08:31:21,3.538249
2022-12-23 08:31:52,3.537973
2022-12-23 08:32:22,3.537685
2022-12-23 08:32:52,3.537417
2022-12-23 08:33:22,3.537142
2022-12-23 08:33:52,3.536871
2022-12-23 08:34:22,3.536563
2022-12-23 08:34:52,3.536298
2022-12-23 08:35:22,3.536013
2022-12-23 08:35:53,3.535714
2022-12-23 08:36:23,3.535439
2022-12-23 08:36:53,3.535149
2022-12-23 08:37:23,3.534875
2022-12-23 08:37:53,3.534579
2022-12-23 08:38:23,3.534309
2022-12-23 08:38:53,3.533995
2022-12-23 08:39:23,3.533717
2022-12-23 08:39:54,3.533427
2022-12-23 08:40:24,3.533126
2022-12-23 08:40:54,3.532832
2022-12-23 08:41:24,3.532565
2022-12-23 08:41:54,3.532268
2022-12-23 08:42:24,3.531966
2022-12-23 08:42:54,3.531666
2022-12-23 08:43:24,3.531394
2022-12-23 08:43:55,3.53109
2022-12-23 08:44:25,3.530778
2022-12-23 08:44:55,3.53048
2022-12-23 08:45:25,3.530177
2022-12-23 08:45:55,3.529899
2022-12-23 08:46:25,3.529588
2022-12-23 08:46:55,3.529288
2022-12-23 08:47:25,3.529003
2022-12-23 08:47:56,3.528692
2022-12-23 08:48:26,3.528393
2022-12-23 08:48:56,3.528084
2022-12-23 08:49:26,3.52778
2022-12-23 08:49:56,3.527481
2022-12-23 08:50:26,3.527178
2022-12-23 08:50:56,3.526879
2022-12-23 08:51:26,3.526555
2022-12-23 08:51:57,3.526255
2022-12-23 08:52:27,3.525939
2022-12-23 08:52:57,3.525646
2022-12-23 08:53:27,3.525332
2022-12-23 08:53:57,3.525021
2022-12-23 08:54:27,3.524717
2022-12-23 08:54:57,3.524397
2022-12-23 08:55:27,3.524106
2022-12-23 08:55:58,3.523777
2022-12-23 08:56:28,3.523461
2022-12-23 08:56:58,3.523151
2022-12-23 08:57:28,3.522841
2022-12-23 08:57:58,3.522529
2022-12-23 08:58:28,3.522228
2022-12-23 08:58:58,3.521905
2022-12-23 08:59:29,3.521567
2022-12-23 08:59:59,3.521284
2022-12-23 09:00:29,3.520943
2022-12-23 09:00:59,3.520641
2022-12-23 09:01:29,3.520321
2022-12-23 09:01:59,3.52001
2022-12-23 09:02:29,3.519696
2022-12-23 09:02:59,3.519382
2022-12-23 09:03:30,3.519069
2022-12-23 09:04:00,3.518766
2022-12-23 09:04:30,3.51844
2022-12-23 09:05:00,3.518106
2022-12-23 09:05:30,3.517801
2022-12-23 09:06:00,3.51746
2022-12-23 09:06:30,3.517151
2022-12-23 09:07:00,3.516822
2022-12-23 09:07:31,3.516504
2022-12-23 09:08:01,3.516164
2022-12-23 09:08:31,3.515858
2022-12-23 09:09:01,3.515531
2022-12-23 09:09:31,3.515217
2022-12-23 09:10:01,3.514879
2022-12-23 09:10:31,3.514575
2022-12-23 09:11:01,3.514232
2022-12-23 09:11:32,3.513916
2022-12-23 09:12:02,3.513597
2022-12-23 09:12:32,3.513264
2022-12-23 09:13:02,3.512938
2022-12-23 09:13:32,3.512624
2022-12-23 09:14:02,3.51229
2022-12-23 09:14:32,3.511954
2022-12-23 09:15:02,3.511635
2022-12-23 09:15:33,3.511309
2022-12-23 09:16:03,3.510972
2022-12-23 09:16:33,3.510653
2022-12-23 09:17:03,3.510319
2022-12-23 09:17:33,3.509979
2022-12-23 09:18:03,3.509653
2022-12-23 09:18:33,3.50932
2022-12-23 09:19:03,3.508979
2022-12-23 09:19:34,3.508661
2022-12-23 09:20:04,3.508323
2022-12-23 09:20:34,3.50798
2022-12-23 09:21:04,3.50763
2022-12-23 09:21:34,3.507306
2022-12-23 09:22:04,3.506966
2022-12-23 09:22:34,3.506616
2022-12-23 09:23:04,3.506275
2022-12-23 09:23:35,3.505947
2022-12-23 09:24:05,3.505609
2022-12-23 09:24:35,3.505267
2022-12-23 09:25:05,3.504928
2022-12-23 09:25:35,3.50458
2022-12-23 09:26:05,3.504239
2022-12-23 09:26:35,3.503902
2022-12-23 09:27:05,3.503548
2022-12-23 09:27:36,3.503219
2022-12-23 09:28:06,3.502869
2022-12-23 09:28:36,3.502523
2022-12-23 09:29:06,3.502198
2022-12-23 09:29:36,3.501859
2022-12-23 09:30:06,3.501522
2022-12-23 09:30:36,3.501171
2022-12-23 09:31:06,3.500823
2022-12-23 09:31:37,3.500499
2022-12-23 09:32:07,3.500167
2022-12-23 09:32:37,3.499855
2022-12-23 09:33:07,3.499509
2022-12-23 09:33:37,3.499175
2022-12-23 09:34:07,3.49884
2022-12-23 09:34:37,3.498519
2022-12-23 09:35:07,3.498187
2022-12-23 09:35:38,3.497866
2022-12-23 09:36:08,3.497552
2022-12-23 09:36:38,3.49723
2022-12-23 09:37:08,3.496914
2022-12-23 09:37:38,3.496608
2022-12-23 09:38:08,3.496319
2022-12-23 09:38:38,3.496001
2022-12-23 09:39:08,3.495705
2022-12-23 09:39:39,3.495405
2022-12-23 09:40:09,3.495095
2022-12-23 09:40:39,3.494811
2022-12-23 09:41:09,3.494514
2022-12-23 09:41:39,3.494273
2022-12-23 09:42:09,3.493974
2022-12-23 09:42:39,3.493683
2022-12-23 09:43:09,3.493413
2022-12-23 09:43:40,3.493128
2022-12-23 09:44:10,3.492868
2022-12-23 09:44:40,3.492603
2022-12-23 09:45:10,3.492348
2022-12-23 09:45:40,3.49208
2022-12-23 09:46:10,3.491837
2022-12-23 09:46:40,3.491573
2022-12-23 09:47:10,3.491313
2022-12-23 09:47:41,3.491081
2022-12-23 09:48:11,3.490827
2022-12-23 09:48:41,3.490587
2022-12-23 09:49:11,3.490334
2022-12-23 09:49:41,3.490114
2022-12-23 09:50:11,3.489865
2022-12-23 09:50:41,3.489658
2022-12-23 09:51:11,3.489406
2022-12-23 09:51:42,3.489195
2022-12-23 09:52:12,3.489267
2022-12-23 09:52:42,3.488758
2022-12-23 09:53:12,3.488515
2022-12-23 09:53:42,3.488306
2022-12-23 09:54:12,3.488091
2022-12-23 09:54:42,3.487858
2022-12-23 09:55:12,3.487642
2022-12-23 09:55:43,3.487439
2022-12-23 09:56:13,3.487231
2022-12-23 09:56:43,3.487027
2022-12-23 09:57:13,3.486806
2022-12-23 09:57:43,3.486619
2022-12-23 09:58:13,3.486409
2022-12-23 09:58:43,3.486208
2022-12-23 09:59:14,3.486021
2022-12-23 09:59:44,3.485823
2022-12-23 10:00:14,3.48562
2022-12-23 10:00:44,3.485426
2022-12-23 10:01:14,3.48524
2022-12-23 10:01:44,3.485032
2022-12-23 10:02:14,3.484856
2022-12-23 10:02:44,3.484659
2022-12-23 10:03:15,3.484485
2022-12-23 10:03:45,3.48429
2022-12-23 10:04:15,3.484092
2022-12-23 10:04:45,3.483942
2022-12-23 10:05:15,3.483755
2022-12-23 10:05:45,3.483562
2022-12-23 10:06:15,3.483387
2022-12-23 10:06:45,3.483213
2022-12-23 10:07:15,3.483027
2022-12-23 10:07:46,3.482843
2022-12-23 10:08:16,3.48267
2022-12-23 10:08:46,3.482492
2022-12-23 10:09:16,3.482322
2022-12-23 10:09:46,3.482152
2022-12-23 10:10:16,3.481983
2022-12-23 10:10:46,3.481806
2022-12-23 10:11:16,3.481636
2022-12-23 10:11:47,3.481483
2022-12-23 10:12:17,3.481305
2022-12-23 10:12:47,3.481154
2022-12-23 10:13:17,3.480983
2022-12-23 10:13:47,3.480815
2022-12-23 10:14:17,3.480649
2022-12-23 10:14:47,3.480486
2022-12-23 10:15:18,3.48032
2022-12-23 10:15:48,3.480155
2022-12-23 10:16:18,3.479986
2022-12-23 10:16:48,3.479807
2022-12-23 10:17:18,3.479663
2022-12-23 10:17:48,3.479487
2022-12-23 10:18:18,3.479328
2022-12-23 10:18:48,3.479188
2022-12-23 10:19:19,3.479013
2022-12-23 10:19:49,3.478873
2022-12-23 10:20:19,3.478713
2022-12-23 10:20:49,3.478531
2022-12-23 10:21:19,3.478389
2022-12-23 10:21:49,3.478241
2022-12-23 10:22:19,3.47807
2022-12-23 10:22:49,3.477932
2022-12-23 10:23:20,3.477769
2022-12-23 10:23:50,3.477609
2022-12-23 10:24:20,3.477462
2022-12-23 10:24:50,3.477299
2022-12-23 10:25:20,3.477149
2022-12-23 10:25:50,3.477011
2022-12-23 10:26:20,3.476857
2022-12-23 10:26:51,3.476696
2022-12-23 10:27:21,3.476548
2022-12-23 10:27:51,3.476382
2022-12-23 10:28:21,3.476241
2022-12-23 10:28:51,3.4761
2022-12-23 10:29:21,3.475939
2022-12-23 10:29:51,3.4758
2022-12-23 10:30:21,3.47564
2022-12-23 10:30:52,3.475478
2022-12-23 10:31:22,3.475323
2022-12-23 10:31:52,3.475193
2022-12-23 10:32:22,3.475023
2022-12-23 10:32:52,3.47488
2022-12-23 10:33:22,3.474728
2022-12-23 10:33:52,3.474575
2022-12-23 10:34:22,3.474427
2022-12-23 10:34:52,3.474264
2022-12-23 10:35:23,3.47413
2022-12-23 10:35:53,3.473984
2022-12-23 10:36:23,3.473824
2022-12-23 10:36:53,3.473666
2022-12-23 10:37:23,3.473515
2022-12-23 10:37:53,3.473362
2022-12-23 10:38:23,3.473211
2022-12-23 10:38:54,3.473054
2022-12-23 10:39:24,3.472919
2022-12-23 10:39:54,3.472765
2022-12-23 10:40:24,3.472603
2022-12-23 10:40:54,3.472442
2022-12-23 10:41:24,3.472282
2022-12-23 10:41:54,3.472138
2022-12-23 10:42:24,3.471995
2022-12-23 10:42:55,3.471827
2022-12-23 10:43:25,3.471686
2022-12-23 10:43:55,3.471524
2022-12-23 10:44:25,3.471372
2022-12-23 10:44:55,3.47121
2022-12-23 10:45:25,3.471056
2022-12-23 10:45:55,3.470906
2022-12-23 10:46:25,3.470746
2022-12-23 10:46:56,3.470599
2022-12-23 10:47:26,3.470429
2022-12-23 10:47:56,3.470283
2022-12-23 10:48:26,3.470123
2022-12-23 10:48:56,3.469966
2022-12-23 10:49:26,3.469799
2022-12-23 10:49:56,3.469654
2022-12-23 10:50:26,3.469512
2022-12-23 10:50:57,3.469338
2022-12-23 10:51:27,3.46918
2022-12-23 10:51:57,3.469021
2022-12-23 10:52:27,3.468837
2022-12-23 10:52:57,3.46869
2022-12-23 10:53:27,3.468534
2022-12-23 10:53:57,3.468355
2022-12-23 10:54:27,3.468196
2022-12-23 10:54:58,3.468048
2022-12-23 10:55:28,3.467873
2022-12-23 10:55:58,3.467701
2022-12-23 10:56:28,3.467548
2022-12-23 10:56:58,3.467384
2022-12-23 10:57:28,3.46721
2022-12-23 10:57:58,3.467038
2022-12-23 10:58:28,3.466868
2022-12-23 10:58:59,3.466712
2022-12-23 10:59:29,3.466549
2022-12-23 10:59:59,3.466382
2022-12-23 11:00:29,3.466212
2022-12-23 11:00:59,3.466048
2022-12-23 11:01:29,3.465874
2022-12-23 11:01:59,3.465699
2022-12-23 11:02:29,3.465521
2022-12-23 11:03:00,3.465351
2022-12-23 11:03:30,3.465191
2022-12-23 11:04:00,3.465023
2022-12-23 11:04:30,3.464849
2022-12-23 11:05:00,3.464658
2022-12-23 11:05:30,3.464493
2022-12-23 11:06:00,3.464318
2022-12-23 11:06:30,3.464142
2022-12-23 11:07:01,3.463959
2022-12-23 11:07:31,3.463781
2022-12-23 11:08:01,3.463609
2022-12-23 11:08:31,3.463432
2022-12-23 11:09:01,3.463257
2022-12-23 11:09:31,3.463082
2022-12-23 11:10:01,3.462881
2022-12-23 11:10:31,3.462713
2022-12-23 11:11:02,3.462533
2022-12-23 11:11:32,3.462344
2022-12-23 11:12:02,3.462163
2022-12-23 11:12:32,3.461962
2022-12-23 11:13:02,3.461787
2022-12-23 11:13:32,3.461584
2022-12-23 11:14:02,3.461406
2022-12-23 11:14:32,3.461224
2022-12-23 11:15:03,3.461027
2022-12-23 11:15:33,3.460824
2022-12-23 11:16:03,3.460635
2022-12-23 11:16:33,3.460452
2022-12-23 11:17:03,3.460244
2022-12-23 11:17:33,3.460045
2022-12-23 11:18:03,3.459859
2022-12-23 11:18:34,3.459656
2022-12-23 11:19:04,3.459449
2022-12-23 11:19:34,3.459264
2022-12-23 11:20:04,3.459056
2022-12-23 11:20:34,3.458853
2022-12-23 11:21:04,3.458658
2022-12-23 11:21:34,3.458461
2022-12-23 11:22:04,3.458246
2022-12-23 11:22:35,3.458017
2022-12-23 11:23:05,3.457806
2022-12-23 11:23:35,3.457608
2022-12-23 11:24:05,3.457408
2022-12-23 11:24:35,3.457186
2022-12-23 11:25:05,3.456961
2022-12-23 11:25:35,3.456755
2022-12-23 11:26:05,3.456543
2022-12-23 11:26:35,3.456308
2022-12-23 11:27:06,3.456092
2022-12-23 11:27:36,3.455867
2022-12-23 11:28:06,3.455653
2022-12-23 11:28:36,3.455411
2022-12-23 11:29:06,3.455194
2022-12-23 11:29:36,3.454958
2022-12-23 11:30:06,3.45473
2022-12-23 11:30:37,3.45448
2022-12-23 11:31:07,3.45427
2022-12-23 11:31:37,3.454007
2022-12-23 11:32:07,3.453777
2022-12-23 11:32:37,3.453528
2022-12-23 11:33:07,3.453276
2022-12-23 11:33:37,3.453035
2022-12-23 11:34:07,3.452764
2022-12-23 11:34:38,3.45253
2022-12-23 11:35:08,3.452261
2022-12-23 11:35:38,3.452004
2022-12-23 11:36:08,3.451751
2022-12-23 11:36:38,3.451489
2022-12-23 11:37:08,3.451216
2022-12-23 11:37:38,3.45095
2022-12-23 11:38:08,3.450674
2022-12-23 11:38:39,3.450406
2022-12-23 11:39:09,3.450125
2022-12-23 11:39:39,3.449834
2022-12-23 11:40:09,3.449543
2022-12-23 11:40:39,3.449258
2022-12-23 11:41:09,3.448982
2022-12-23 11:41:39,3.448673
2022-12-23 11:42:09,3.448393
2022-12-23 11:42:40,3.448066
2022-12-23 11:43:10,3.447781
2022-12-23 11:43:40,3.447453
2022-12-23 11:44:10,3.447141
2022-12-23 11:44:40,3.446827
2022-12-23 11:45:10,3.446496
2022-12-23 11:45:40,3.44617
2022-12-23 11:46:10,3.445846
2022-12-23 11:46:41,3.445507
2022-12-23 11:47:11,3.445161
2022-12-23 11:47:41,3.444817
2022-12-23 11:48:11,3.444467
2022-12-23 11:48:41,3.444117
2022-12-23 11:49:11,3.443744
2022-12-23 11:49:41,3.44336
2022-12-23 11:50:11,3.442987
2022-12-23 11:50:42,3.442613
2022-12-23 11:51:12,3.442216
2022-12-23 11:51:42,3.441833
2022-12-23 11:52:12,3.441419
2022-12-23 11:52:42,3.441002
2022-12-23 11:53:12,3.440588
2022-12-23 11:53:42,3.440162
2022-12-23 11:54:12,3.439712
2022-12-23 11:54:43,3.439284
2022-12-23 11:55:13,3.438819
2022-12-23 11:55:43,3.438357
2022-12-23 11:56:13,3.437899
2022-12-23 11:56:43,3.437419
2022-12-23 11:57:13,3.436934
2022-12-23 11:57:43,3.436433
2022-12-23 11:58:13,3.435907
2022-12-23 11:58:44,3.435396
2022-12-23 11:59:14,3.434875
2022-12-23 11:59:44,3.434315
2022-12-23 12:00:14,3.433772
2022-12-23 12:00:44,3.433202
2022-12-23 12:01:14,3.432621
2022-12-23 12:01:44,3.432014
2022-12-23 12:02:14,3.431404
2022-12-23 12:02:45,3.430807
2022-12-23 12:03:15,3.430151
2022-12-23 12:03:45,3.429524
2022-12-23 12:04:15,3.428871
2022-12-23 12:04:45,3.428205
2022-12-23 12:05:15,3.427506
2022-12-23 12:05:45,3.426813
2022-12-23 12:06:15,3.426111
2022-12-23 12:06:46,3.425397
2022-12-23 12:07:16,3.424662
2022-12-23 12:07:46,3.423925
2022-12-23 12:08:16,3.423178
2022-12-23 12:08:46,3.422395
2022-12-23 12:09:16,3.421608
2022-12-23 12:09:46,3.420832
2022-12-23 12:10:17,3.420031
2022-12-23 12:10:47,3.419225
2022-12-23 12:11:17,3.418391
2022-12-23 12:11:47,3.417545
2022-12-23 12:12:17,3.416737
2022-12-23 12:12:47,3.415888
2022-12-23 12:13:17,3.415007
2022-12-23 12:13:47,3.414143
2022-12-23 12:14:18,3.413265
2022-12-23 12:14:48,3.412405
2022-12-23 12:15:18,3.411533
2022-12-23 12:15:48,3.410646
2022-12-23 12:16:18,3.409748
2022-12-23 12:16:48,3.408849
2022-12-23 12:17:18,3.407945
2022-12-23 12:17:48,3.407022
2022-12-23 12:18:19,3.406088
2022-12-23 12:18:49,3.405157
2022-12-23 12:19:19,3.404234
2022-12-23 12:19:49,3.403286
2022-12-23 12:20:19,3.402317
2022-12-23 12:20:49,3.401371
2022-12-23 12:21:19,3.400403
2022-12-23 12:21:49,3.39942
2022-12-23 12:22:20,3.39845
2022-12-23 12:22:50,3.397452
2022-12-23 12:23:20,3.396452
2022-12-23 12:23:50,3.395473
2022-12-23 12:24:20,3.394448
2022-12-23 12:24:50,3.393387
2022-12-23 12:25:20,3.392339
2022-12-23 12:25:50,3.391287
2022-12-23 12:26:21,3.390217
2022-12-23 12:26:51,3.389126
2022-12-23 12:27:21,3.388033
2022-12-23 12:27:51,3.386938
2022-12-23 12:28:21,3.385817
2022-12-23 12:28:51,3.384668
2022-12-23 12:29:21,3.383522
2022-12-23 12:29:51,3.382348
2022-12-23 12:30:22,3.381166
2022-12-23 12:30:52,3.379977
2022-12-23 12:31:22,3.378771
2022-12-23 12:31:52,3.377547
2022-12-23 12:32:22,3.376293
2022-12-23 12:32:52,3.375052
2022-12-23 12:33:22,3.373769
2022-12-23 12:33:52,3.372478
2022-12-23 12:34:23,3.371186
2022-12-23 12:34:53,3.369855
2022-12-23 12:35:23,3.368524
2022-12-23 12:35:53,3.367188
2022-12-23 12:36:23,3.365839
2022-12-23 12:36:53,3.364482
2022-12-23 12:37:23,3.363091
2022-12-23 12:37:53,3.361697
2022-12-23 12:38:24,3.360278
2022-12-23 12:38:54,3.358868
2022-12-23 12:39:24,3.35742
2022-12-23 12:39:54,3.355968
2022-12-23 12:40:24,3.354497
2022-12-23 12:40:54,3.353019
2022-12-23 12:41:24,3.351539
2022-12-23 12:41:55,3.350012
2022-12-23 12:42:25,3.34851
2022-12-23 12:42:55,3.346983
2022-12-23 12:43:25,3.345453
2022-12-23 12:43:55,3.343908
2022-12-23 12:44:25,3.342356
2022-12-23 12:44:55,3.34079
2022-12-23 12:45:25,3.339216
2022-12-23 12:45:56,3.33762
2022-12-23 12:46:26,3.336008
2022-12-23 12:46:56,3.334414
2022-12-23 12:47:26,3.332784
2022-12-23 12:47:56,3.331154
2022-12-23 12:48:26,3.3295
2022-12-23 12:48:56,3.327854
2022-12-23 12:49:26,3.326185
2022-12-23 12:49:57,3.324517
2022-12-23 12:50:27,3.322827
2022-12-23 12:50:57,3.321122
2022-12-23 12:51:27,3.319412
2022-12-23 12:51:57,3.317718
2022-12-23 12:52:27,3.315976
2022-12-23 12:52:57,3.314239
2022-12-23 12:53:27,3.312485
2022-12-23 12:53:58,3.310718
2022-12-23 12:54:28,3.308966
2022-12-23 12:54:58,3.307193
2022-12-23 12:55:28,3.305383
2022-12-23 12:55:58,3.303573
2022-12-23 12:56:28,3.301742
2022-12-23 12:56:58,3.299917
2022-12-23 12:57:28,3.298057
2022-12-23 12:57:59,3.296192
2022-12-23 12:58:29,3.294337
2022-12-23 12:58:59,3.29246
2022-12-23 12:59:29,3.290566
2022-12-23 12:59:59,3.28868
2022-12-23 13:00:29,3.286782
2022-12-23 13:00:59,3.284849
2022-12-23 13:01:29,3.282905
2022-12-23 13:02:00,3.280956
2022-12-23 13:02:30,3.278991
2022-12-23 13:03:00,3.27702
2022-12-23 13:03:30,3.275024
2022-12-23 13:04:00,3.273021
2022-12-23 13:04:30,3.271025
2022-12-23 13:05:00,3.269021
2022-12-23 13:05:30,3.266984
2022-12-23 13:06:01,3.264915
2022-12-23 13:06:31,3.262862
2022-12-23 13:07:01,3.260792
2022-12-23 13:07:31,3.258694
2022-12-23 13:08:01,3.256593
2022-12-23 13:08:31,3.254469
2022-12-23 13:09:01,3.252295
2022-12-23 13:09:31,3.250127
2022-12-23 13:10:02,3.247957
2022-12-23 13:10:32,3.245767
2022-12-23 13:11:02,3.243554
2022-12-23 13:11:32,3.241354
2022-12-23 13:12:02,3.239088
2022-12-23 13:12:32,3.23685
2022-12-23 13:13:02,3.2346
2022-12-23 13:13:32,3.232295
2022-12-23 13:14:03,3.230002
2022-12-23 13:14:33,3.227687
2022-12-23 13:15:03,3.225349
2022-12-23 13:15:33,3.222988
2022-12-23 13:16:03,3.220627
2022-12-23 13:16:33,3.218221
2022-12-23 13:17:03,3.215803
2022-12-23 13:17:33,3.21338
2022-12-23 13:18:04,3.210941
2022-12-23 13:18:34,3.208465
2022-12-23 13:19:04,3.205981
2022-12-23 13:19:34,3.203474
2022-12-23 13:20:04,3.200954
2022-12-23 13:20:34,3.198408
2022-12-23 13:21:04,3.195846
2022-12-23 13:21:35,3.193253
2022-12-23 13:22:05,3.190651
2022-12-23 13:22:35,3.188007
2022-12-23 13:23:05,3.185345
2022-12-23 13:23:35,3.182676
2022-12-23 13:24:05,3.179976
2022-12-23 13:24:35,3.177242
2022-12-23 13:25:05,3.174481
2022-12-23 13:25:36,3.171711
2022-12-23 13:26:06,3.16889
2022-12-23 13:26:36,3.16606
2022-12-23 13:27:06,3.163235
2022-12-23 13:27:36,3.160343
2022-12-23 13:28:06,3.157415
2022-12-23 13:28:36,3.154474
2022-12-23 13:29:06,3.151518
2022-12-23 13:29:37,3.14852
2022-12-23 13:30:07,3.145499
2022-12-23 13:30:37,3.142446
2022-12-23 13:31:07,3.139359
2022-12-23 13:31:37,3.136248
2022-12-23 13:32:07,3.133107
2022-12-23 13:32:37,3.129911
2022-12-23 13:33:08,3.126682
2022-12-23 13:33:38,3.123452
2022-12-23 13:34:08,3.120182
2022-12-23 13:34:38,3.116861
2022-12-23 13:35:08,3.113492
2022-12-23 13:35:38,3.110103
2022-12-23 13:36:08,3.106676
2022-12-23 13:36:38,3.103209
2022-12-23 13:37:09,3.099685
2022-12-23 13:37:39,3.096172
2022-12-23 13:38:09,3.092535
2022-12-23 13:38:39,3.088892
2022-12-23 13:39:09,3.085209
2022-12-23 13:39:39,3.081469
2022-12-23 13:40:09,3.077696
2022-12-23 13:40:39,3.073887
2022-12-23 13:41:10,3.070007
2022-12-23 13:41:40,3.066108
2022-12-23 13:42:10,3.062119
2022-12-23 13:42:40,3.058101
2022-12-23 13:43:10,3.054029
2022-12-23 13:43:40,3.049893
2022-12-23 13:44:10,3.04572
2022-12-23 13:44:40,3.041475
2022-12-23 13:45:11,3.037175
2022-12-23 13:45:41,3.032823
2022-12-23 13:46:11,3.028377
2022-12-23 13:46:41,3.023888
2022-12-23 13:47:11,3.019351
2022-12-23 13:47:41,3.014734
2022-12-23 13:48:11,3.010026
2022-12-23 13:48:41,3.005248
2022-12-23 13:49:12,3.000364
2022-12-23 13:49:42,2.995426
